[{"state":"Clarendon Parish","name":"Aenon Town","lat":"18.21027000","lon":"-77.39851000"},
{"state":"Clarendon Parish","name":"Alley","lat":"17.79036000","lon":"-77.27085000"},
{"state":"Clarendon Parish","name":"Alston","lat":"18.17639000","lon":"-77.43468000"},
{"state":"Clarendon Parish","name":"Ashley","lat":"18.01440000","lon":"-77.34019000"},
{"state":"Clarendon Parish","name":"Banks","lat":"17.83222000","lon":"-77.30731000"},
{"state":"Clarendon Parish","name":"Beckford Kraal","lat":"18.08545000","lon":"-77.32399000"},
{"state":"Clarendon Parish","name":"Brandon Hill","lat":"18.15110000","lon":"-77.23663000"},
{"state":"Clarendon Parish","name":"Brixton Hill","lat":"18.02039000","lon":"-77.31744000"},
{"state":"Clarendon Parish","name":"Bucknor","lat":"18.00619000","lon":"-77.23749000"},
{"state":"Clarendon Parish","name":"Bucks Common","lat":"17.98228000","lon":"-77.23846000"},
{"state":"Clarendon Parish","name":"Bushy Park","lat":"17.98243000","lon":"-77.25135000"},
{"state":"Clarendon Parish","name":"Chapelton","lat":"18.08333000","lon":"-77.26667000"},
{"state":"Clarendon Parish","name":"Chateau","lat":"17.98972000","lon":"-77.18737000"},
{"state":"Clarendon Parish","name":"Cockpit","lat":"17.88872000","lon":"-77.15835000"},
{"state":"Clarendon Parish","name":"Coffee Piece","lat":"18.13835000","lon":"-77.40648000"},
{"state":"Clarendon Parish","name":"Colonels Ridge","lat":"18.13525000","lon":"-77.25550000"},
{"state":"Clarendon Parish","name":"Coxswain","lat":"18.10272000","lon":"-77.23444000"},
{"state":"Clarendon Parish","name":"Crofts Hill","lat":"18.13268000","lon":"-77.20507000"},
{"state":"Clarendon Parish","name":"Crooked River","lat":"18.14289000","lon":"-77.30000000"},
{"state":"Clarendon Parish","name":"Cumberland","lat":"18.10522000","lon":"-77.41617000"},
{"state":"Clarendon Parish","name":"Curatoe Hill","lat":"17.93982000","lon":"-77.24836000"},
{"state":"Clarendon Parish","name":"Dawkins","lat":"18.05540000","lon":"-77.33303000"},
{"state":"Clarendon Parish","name":"Effortville","lat":"17.99270000","lon":"-77.21860000"},
{"state":"Clarendon Parish","name":"Four Paths","lat":"17.97089000","lon":"-77.29599000"},
{"state":"Clarendon Parish","name":"Frankfield","lat":"18.14971000","lon":"-77.36498000"},
{"state":"Clarendon Parish","name":"Freetown","lat":"17.92192000","lon":"-77.14781000"},
{"state":"Clarendon Parish","name":"Gimme-me-bit","lat":"17.88946000","lon":"-77.28469000"},
{"state":"Clarendon Parish","name":"Glenmuir","lat":"17.96801000","lon":"-77.25394000"},
{"state":"Clarendon Parish","name":"Grantham","lat":"18.15839000","lon":"-77.39643000"},
{"state":"Clarendon Parish","name":"Gravel Hill","lat":"17.90968000","lon":"-77.33354000"},
{"state":"Clarendon Parish","name":"Hayes","lat":"17.87569000","lon":"-77.23711000"},
{"state":"Clarendon Parish","name":"Hazard","lat":"17.95382000","lon":"-77.23147000"},
{"state":"Clarendon Parish","name":"Inverness","lat":"17.91195000","lon":"-77.19032000"},
{"state":"Clarendon Parish","name":"James Hill","lat":"18.18750000","lon":"-77.33700000"},
{"state":"Clarendon Parish","name":"Johns Hall","lat":"18.18876000","lon":"-77.38063000"},
{"state":"Clarendon Parish","name":"Kellits","lat":"18.16184000","lon":"-77.27049000"},
{"state":"Clarendon Parish","name":"Limit","lat":"18.15287000","lon":"-77.47121000"},
{"state":"Clarendon Parish","name":"Lionel Town","lat":"17.81007000","lon":"-77.24061000"},
{"state":"Clarendon Parish","name":"Longville Park","lat":"17.91188000","lon":"-77.15983000"},
{"state":"Clarendon Parish","name":"Longwood","lat":"17.80754000","lon":"-77.28728000"},
{"state":"Clarendon Parish","name":"May Pen","lat":"17.96454000","lon":"-77.24515000"},
{"state":"Clarendon Parish","name":"May Pen Proper","lat":"17.97034000","lon":"-77.23911000"},
{"state":"Clarendon Parish","name":"Milk River","lat":"17.87560000","lon":"-77.35139000"},
{"state":"Clarendon Parish","name":"Mineral Heights","lat":"17.94183000","lon":"-77.23276000"},
{"state":"Clarendon Parish","name":"Mitchell Town","lat":"17.81281000","lon":"-77.20531000"},
{"state":"Clarendon Parish","name":"Moores","lat":"18.02926000","lon":"-77.18540000"},
{"state":"Clarendon Parish","name":"Morgans Forest","lat":"18.19088000","lon":"-77.41021000"},
{"state":"Clarendon Parish","name":"Morgans Pass","lat":"18.12123000","lon":"-77.27493000"},
{"state":"Clarendon Parish","name":"Mount Airy","lat":"18.01843000","lon":"-77.36357000"},
{"state":"Clarendon Parish","name":"New Denbigh","lat":"17.98563000","lon":"-77.27104000"},
{"state":"Clarendon Parish","name":"New Longsville","lat":"18.03072000","lon":"-77.23048000"},
{"state":"Clarendon Parish","name":"Old Denbigh","lat":"17.96116000","lon":"-77.26701000"},
{"state":"Clarendon Parish","name":"Orange Hill","lat":"18.11788000","lon":"-77.35942000"},
{"state":"Clarendon Parish","name":"Osbourne Store","lat":"17.95892000","lon":"-77.32827000"},
{"state":"Clarendon Parish","name":"Paisley","lat":"17.96293000","lon":"-77.22368000"},
{"state":"Clarendon Parish","name":"Palmers Cross","lat":"17.95000000","lon":"-77.20338000"},
{"state":"Clarendon Parish","name":"Part of Banana Ground","lat":"18.08022000","lon":"-77.40971000"},
{"state":"Clarendon Parish","name":"Part of Douglas Castle","lat":"18.18703000","lon":"-77.27538000"},
{"state":"Clarendon Parish","name":"Part of Kellits","lat":"18.17159000","lon":"-77.25120000"},
{"state":"Clarendon Parish","name":"Peckham","lat":"18.17147000","lon":"-77.39766000"},
{"state":"Clarendon Parish","name":"Pennants","lat":"18.11025000","lon":"-77.31306000"},
{"state":"Clarendon Parish","name":"Pleasant Valley","lat":"18.01101000","lon":"-77.29027000"},
{"state":"Clarendon Parish","name":"Portland Cottage","lat":"17.74620000","lon":"-77.18772000"},
{"state":"Clarendon Parish","name":"Porus","lat":"18.05202000","lon":"-77.40007000"},
{"state":"Clarendon Parish","name":"Race Course","lat":"17.84019000","lon":"-77.28223000"},
{"state":"Clarendon Parish","name":"Richmond Park","lat":"18.05172000","lon":"-77.37642000"},
{"state":"Clarendon Parish","name":"Ritchies","lat":"18.13904000","lon":"-77.42893000"},
{"state":"Clarendon Parish","name":"Rock","lat":"17.99122000","lon":"-77.33702000"},
{"state":"Clarendon Parish","name":"Rock River","lat":"18.06548000","lon":"-77.19707000"},
{"state":"Clarendon Parish","name":"Rocky Point","lat":"17.77695000","lon":"-77.24816000"},
{"state":"Clarendon Parish","name":"Salt River","lat":"17.84143000","lon":"-77.17413000"},
{"state":"Clarendon Parish","name":"Sandy Bay","lat":"17.95105000","lon":"-77.16225000"},
{"state":"Clarendon Parish","name":"Sanguinetti","lat":"18.15585000","lon":"-77.42938000"},
{"state":"Clarendon Parish","name":"Sedgepond","lat":"17.84753000","lon":"-77.32638000"},
{"state":"Clarendon Parish","name":"Silent Hill","lat":"18.19152000","lon":"-77.45918000"},
{"state":"Clarendon Parish","name":"Smithville","lat":"18.11977000","lon":"-77.38561000"},
{"state":"Clarendon Parish","name":"Spaldings","lat":"18.16875000","lon":"-77.45798000"},
{"state":"Clarendon Parish","name":"Summerfield","lat":"18.09433000","lon":"-77.28429000"},
{"state":"Clarendon Parish","name":"Thompson Town","lat":"18.08968000","lon":"-77.37186000"},
{"state":"Clarendon Parish","name":"Tollgate","lat":"17.97195000","lon":"-77.36566000"},
{"state":"Clarendon Parish","name":"Treadlight","lat":"17.99264000","lon":"-77.25531000"},
{"state":"Clarendon Parish","name":"Trout Hall","lat":"18.13779000","lon":"-77.33299000"},
{"state":"Clarendon Parish","name":"Turners","lat":"18.06647000","lon":"-77.23523000"},
{"state":"Clarendon Parish","name":"Water Lane","lat":"17.82452000","lon":"-77.25946000"},
{"state":"Clarendon Parish","name":"Woodhall","lat":"18.04757000","lon":"-77.27575000"},
{"state":"Clarendon Parish","name":"York Town","lat":"17.92515000","lon":"-77.30002000"},
{"state":"Hanover Parish","name":"Askenish","lat":"18.38492000","lon":"-78.14910000"},
{"state":"Hanover Parish","name":"Cacoon","lat":"18.41642000","lon":"-78.20730000"},
{"state":"Hanover Parish","name":"Cacoon Castle","lat":"18.40247000","lon":"-78.01336000"},
{"state":"Hanover Parish","name":"Cascade","lat":"18.39747000","lon":"-78.10337000"},
{"state":"Hanover Parish","name":"Cash Hill","lat":"18.36920000","lon":"-78.10938000"},
{"state":"Hanover Parish","name":"Cauldwell","lat":"18.38583000","lon":"-78.24110000"},
{"state":"Hanover Parish","name":"Chambers Pen","lat":"18.40520000","lon":"-78.15975000"},
{"state":"Hanover Parish","name":"Chester Castle","lat":"18.33822000","lon":"-77.94722000"},
{"state":"Hanover Parish","name":"Copse","lat":"18.39466000","lon":"-77.97678000"},
{"state":"Hanover Parish","name":"Cousins Cove","lat":"18.42425000","lon":"-78.23752000"},
{"state":"Hanover Parish","name":"Dias","lat":"18.39379000","lon":"-78.18562000"},
{"state":"Hanover Parish","name":"Great Valley","lat":"18.41169000","lon":"-78.05023000"},
{"state":"Hanover Parish","name":"Green Island","lat":"18.38399000","lon":"-78.27015000"},
{"state":"Hanover Parish","name":"Haddington","lat":"18.42043000","lon":"-78.00383000"},
{"state":"Hanover Parish","name":"Hopewell","lat":"18.44321000","lon":"-78.02636000"},
{"state":"Hanover Parish","name":"Jericho","lat":"18.43744000","lon":"-78.13028000"},
{"state":"Hanover Parish","name":"Kendal","lat":"18.36287000","lon":"-78.22720000"},
{"state":"Hanover Parish","name":"Kingsvale","lat":"18.38087000","lon":"-78.20523000"},
{"state":"Hanover Parish","name":"Lances Bay","lat":"18.43819000","lon":"-78.21442000"},
{"state":"Hanover Parish","name":"Logwood","lat":"18.34878000","lon":"-78.29620000"},
{"state":"Hanover Parish","name":"Lucea","lat":"18.45095000","lon":"-78.17356000"},
{"state":"Hanover Parish","name":"Lucea East","lat":"18.42198000","lon":"-78.16675000"},
{"state":"Hanover Parish","name":"Lucea West","lat":"18.44238000","lon":"-78.18663000"},
{"state":"Hanover Parish","name":"March Town","lat":"18.32951000","lon":"-78.27656000"},
{"state":"Hanover Parish","name":"Maryland","lat":"18.38679000","lon":"-78.12825000"},
{"state":"Hanover Parish","name":"Mount Peto","lat":"18.35747000","lon":"-78.02289000"},
{"state":"Hanover Parish","name":"Orange Bay","lat":"18.34266000","lon":"-78.32005000"},
{"state":"Hanover Parish","name":"Pell River","lat":"18.37886000","lon":"-78.21904000"},
{"state":"Hanover Parish","name":"Pondside","lat":"18.40222000","lon":"-78.07344000"},
{"state":"Hanover Parish","name":"Ramble","lat":"18.34674000","lon":"-77.98802000"},
{"state":"Hanover Parish","name":"Rock Spring","lat":"18.34797000","lon":"-78.24392000"},
{"state":"Hanover Parish","name":"Sandy Bay","lat":"18.43750000","lon":"-78.08383000"},
{"state":"Hanover Parish","name":"Santoy","lat":"18.35875000","lon":"-78.28386000"},
{"state":"Hanover Parish","name":"Success","lat":"18.37729000","lon":"-78.05105000"},
{"state":"Hanover Parish","name":"Woodlands","lat":"18.44555000","lon":"-77.99963000"},
{"state":"Hanover Parish","name":"Woodsville","lat":"18.36950000","lon":"-78.07217000"},
{"state":"Kingston Parish","name":"Allman Town","lat":"17.98297000","lon":"-76.78685000"},
{"state":"Kingston Parish","name":"Bournemouth Gardens","lat":"17.97009000","lon":"-76.76266000"},
{"state":"Kingston Parish","name":"Campbell Town","lat":"17.97914000","lon":"-76.78134000"},
{"state":"Kingston Parish","name":"Central Down Town","lat":"17.96958000","lon":"-76.79264000"},
{"state":"Kingston Parish","name":"D'Aguilar Town/ Rennock Lodge","lat":"17.97001000","lon":"-76.73701000"},
{"state":"Kingston Parish","name":"Denham Town","lat":"17.97812000","lon":"-76.79984000"},
{"state":"Kingston Parish","name":"East Down Town","lat":"17.97197000","lon":"-76.78471000"},
{"state":"Kingston Parish","name":"Fletchers Land","lat":"17.97968000","lon":"-76.79100000"},
{"state":"Kingston Parish","name":"Franklyn Town","lat":"17.97787000","lon":"-76.77339000"},
{"state":"Kingston Parish","name":"Hannah Town/ Craig Town","lat":"17.97998000","lon":"-76.79430000"},
{"state":"Kingston Parish","name":"Johnson Town","lat":"17.97771000","lon":"-76.75593000"},
{"state":"Kingston Parish","name":"Kingston","lat":"17.99702000","lon":"-76.79358000"},
{"state":"Kingston Parish","name":"Kingston Gardens","lat":"17.97836000","lon":"-76.78681000"},
{"state":"Kingston Parish","name":"Manley Meadows","lat":"17.96907000","lon":"-76.77116000"},
{"state":"Kingston Parish","name":"Newport East","lat":"17.97421000","lon":"-76.80663000"},
{"state":"Kingston Parish","name":"Newton Square","lat":"17.97352000","lon":"-76.77207000"},
{"state":"Kingston Parish","name":"Norman Gardens","lat":"17.97803000","lon":"-76.75940000"},
{"state":"Kingston Parish","name":"Passmore Town","lat":"17.97301000","lon":"-76.77650000"},
{"state":"Kingston Parish","name":"Port Royal","lat":"17.93738000","lon":"-76.84062000"},
{"state":"Kingston Parish","name":"Rae Town","lat":"17.96773000","lon":"-76.77965000"},
{"state":"Kingston Parish","name":"Rollington Town","lat":"17.97687000","lon":"-76.76523000"},
{"state":"Kingston Parish","name":"Southside","lat":"17.96569000","lon":"-76.78624000"},
{"state":"Kingston Parish","name":"Springfield","lat":"17.97117000","lon":"-76.75607000"},
{"state":"Kingston Parish","name":"Tivoli Gardens","lat":"17.97326000","lon":"-76.80090000"},
{"state":"Kingston Parish","name":"West Down Town","lat":"17.97294000","lon":"-76.79704000"},
{"state":"Manchester Parish","name":"Alligator Pond","lat":"17.88369000","lon":"-77.56068000"},
{"state":"Manchester Parish","name":"Asia/Pratville","lat":"17.91584000","lon":"-77.41563000"},
{"state":"Manchester Parish","name":"Auchtembeddie","lat":"18.22543000","lon":"-77.60361000"},
{"state":"Manchester Parish","name":"Bellefield","lat":"18.09266000","lon":"-77.44004000"},
{"state":"Manchester Parish","name":"Bethany","lat":"18.15373000","lon":"-77.55032000"},
{"state":"Manchester Parish","name":"Blue Mountain","lat":"18.07095000","lon":"-77.42840000"},
{"state":"Manchester Parish","name":"Bombay","lat":"18.11780000","lon":"-77.44940000"},
{"state":"Manchester Parish","name":"Butt-Up","lat":"17.97313000","lon":"-77.57777000"},
{"state":"Manchester Parish","name":"Cedar Grove","lat":"18.01225000","lon":"-77.49630000"},
{"state":"Manchester Parish","name":"Chantilly","lat":"18.10447000","lon":"-77.46625000"},
{"state":"Manchester Parish","name":"Christiana","lat":"18.18015000","lon":"-77.49045000"},
{"state":"Manchester Parish","name":"Chudleigh","lat":"18.15148000","lon":"-77.50707000"},
{"state":"Manchester Parish","name":"Cobbla","lat":"18.14060000","lon":"-77.46998000"},
{"state":"Manchester Parish","name":"Coleyville","lat":"18.19993000","lon":"-77.51924000"},
{"state":"Manchester Parish","name":"Comfort","lat":"18.05390000","lon":"-77.42477000"},
{"state":"Manchester Parish","name":"Comfort Hall","lat":"18.18789000","lon":"-77.61041000"},
{"state":"Manchester Parish","name":"Content","lat":"18.07444000","lon":"-77.45116000"},
{"state":"Manchester Parish","name":"Craig Head","lat":"18.23658000","lon":"-77.56295000"},
{"state":"Manchester Parish","name":"Cross Keys","lat":"17.90727000","lon":"-77.50111000"},
{"state":"Manchester Parish","name":"Devon","lat":"18.16595000","lon":"-77.52507000"},
{"state":"Manchester Parish","name":"Downs","lat":"17.95004000","lon":"-77.57313000"},
{"state":"Manchester Parish","name":"Ellen Street","lat":"17.96796000","lon":"-77.43931000"},
{"state":"Manchester Parish","name":"Evergreen","lat":"18.15096000","lon":"-77.59965000"},
{"state":"Manchester Parish","name":"Fairfield","lat":"18.03117000","lon":"-77.57535000"},
{"state":"Manchester Parish","name":"French Park","lat":"17.95572000","lon":"-77.54471000"},
{"state":"Manchester Parish","name":"George's Valley","lat":"18.03172000","lon":"-77.48081000"},
{"state":"Manchester Parish","name":"Good Intent","lat":"18.20806000","lon":"-77.57086000"},
{"state":"Manchester Parish","name":"Greenvale","lat":"18.03928000","lon":"-77.53239000"},
{"state":"Manchester Parish","name":"Grove Place","lat":"18.10467000","lon":"-77.52923000"},
{"state":"Manchester Parish","name":"Grove Town","lat":"17.88606000","lon":"-77.45882000"},
{"state":"Manchester Parish","name":"Harmons","lat":"17.98171000","lon":"-77.41208000"},
{"state":"Manchester Parish","name":"Harry Watch","lat":"18.17314000","lon":"-77.57611000"},
{"state":"Manchester Parish","name":"Hatfield","lat":"18.01557000","lon":"-77.54009000"},
{"state":"Manchester Parish","name":"Heartease","lat":"18.04878000","lon":"-77.48238000"},
{"state":"Manchester Parish","name":"Hibernia","lat":"18.17575000","lon":"-77.54830000"},
{"state":"Manchester Parish","name":"Huntley","lat":"18.06647000","lon":"-77.58171000"},
{"state":"Manchester Parish","name":"Kendal","lat":"18.08318000","lon":"-77.50320000"},
{"state":"Manchester Parish","name":"Knockpatrick","lat":"17.99027000","lon":"-77.49270000"},
{"state":"Manchester Parish","name":"Lancaster","lat":"17.93603000","lon":"-77.46134000"},
{"state":"Manchester Parish","name":"Litchfield","lat":"18.13502000","lon":"-77.52448000"},
{"state":"Manchester Parish","name":"Maidstone","lat":"18.10165000","lon":"-77.57284000"},
{"state":"Manchester Parish","name":"Mandeville","lat":"18.04168000","lon":"-77.50714000"},
{"state":"Manchester Parish","name":"Mandeville Proper","lat":"18.04453000","lon":"-77.50574000"},
{"state":"Manchester Parish","name":"Marlie Hill","lat":"17.86692000","lon":"-77.50835000"},
{"state":"Manchester Parish","name":"May Day","lat":"18.00951000","lon":"-77.47606000"},
{"state":"Manchester Parish","name":"Medina","lat":"18.12236000","lon":"-77.59643000"},
{"state":"Manchester Parish","name":"Mike Town","lat":"18.04253000","lon":"-77.55490000"},
{"state":"Manchester Parish","name":"Mile Gully","lat":"18.13395000","lon":"-77.56556000"},
{"state":"Manchester Parish","name":"New Forest","lat":"17.92010000","lon":"-77.55867000"},
{"state":"Manchester Parish","name":"New Green","lat":"18.07663000","lon":"-77.52569000"},
{"state":"Manchester Parish","name":"Newport","lat":"17.96293000","lon":"-77.50486000"},
{"state":"Manchester Parish","name":"Old England","lat":"17.98503000","lon":"-77.46017000"},
{"state":"Manchester Parish","name":"Part Of Banana Ground","lat":"18.07912000","lon":"-77.42134000"},
{"state":"Manchester Parish","name":"Part Of Gutters","lat":"18.00642000","lon":"-77.57903000"},
{"state":"Manchester Parish","name":"Part of Spaldings","lat":"18.15819000","lon":"-77.46627000"},
{"state":"Manchester Parish","name":"Pike","lat":"18.23229000","lon":"-77.53790000"},
{"state":"Manchester Parish","name":"Plowden","lat":"17.89178000","lon":"-77.53846000"},
{"state":"Manchester Parish","name":"Porus","lat":"18.03535000","lon":"-77.41166000"},
{"state":"Manchester Parish","name":"Prospect","lat":"17.98244000","lon":"-77.56775000"},
{"state":"Manchester Parish","name":"Richmond","lat":"18.02560000","lon":"-77.46337000"},
{"state":"Manchester Parish","name":"Robins Hall","lat":"18.20405000","lon":"-77.55007000"},
{"state":"Manchester Parish","name":"Rose Hill","lat":"17.92471000","lon":"-77.52340000"},
{"state":"Manchester Parish","name":"Royal Flat","lat":"18.04965000","lon":"-77.46830000"},
{"state":"Manchester Parish","name":"Scotts Pass","lat":"17.99920000","lon":"-77.39820000"},
{"state":"Manchester Parish","name":"Snowdon","lat":"17.94198000","lon":"-77.49137000"},
{"state":"Manchester Parish","name":"Somerset","lat":"18.08036000","lon":"-77.54306000"},
{"state":"Manchester Parish","name":"Spring Ground","lat":"18.16233000","lon":"-77.47977000"},
{"state":"Manchester Parish","name":"Spur Tree","lat":"18.00650000","lon":"-77.55664000"},
{"state":"Manchester Parish","name":"St. Paul's","lat":"18.13144000","lon":"-77.61200000"},
{"state":"Manchester Parish","name":"Swaby's Hope","lat":"17.98608000","lon":"-77.53326000"},
{"state":"Manchester Parish","name":"Top Hill","lat":"18.11622000","lon":"-77.50344000"},
{"state":"Manchester Parish","name":"Victoria Town","lat":"17.90472000","lon":"-77.37795000"},
{"state":"Manchester Parish","name":"Walderston","lat":"18.11637000","lon":"-77.48614000"},
{"state":"Manchester Parish","name":"Watham","lat":"18.00675000","lon":"-77.51873000"},
{"state":"Manchester Parish","name":"Williamsfield","lat":"18.06664000","lon":"-77.46582000"},
{"state":"Portland Parish","name":"Balcarres","lat":"18.16735000","lon":"-76.72061000"},
{"state":"Portland Parish","name":"Bangor Ridge","lat":"18.13637000","lon":"-76.68903000"},
{"state":"Portland Parish","name":"Belvedere","lat":"18.20772000","lon":"-76.69671000"},
{"state":"Portland Parish","name":"Black Hill","lat":"18.21786000","lon":"-76.59758000"},
{"state":"Portland Parish","name":"Boundbrook","lat":"18.17573000","lon":"-76.47079000"},
{"state":"Portland Parish","name":"Breastworks","lat":"18.16000000","lon":"-76.46612000"},
{"state":"Portland Parish","name":"Buff Bay","lat":"18.23287000","lon":"-76.66118000"},
{"state":"Portland Parish","name":"Bybrook","lat":"18.14641000","lon":"-76.65726000"},
{"state":"Portland Parish","name":"Cascade","lat":"18.09377000","lon":"-76.71223000"},
{"state":"Portland Parish","name":"Castle Comfort","lat":"18.14217000","lon":"-76.34634000"},
{"state":"Portland Parish","name":"Central Port Antonio","lat":"18.18763000","lon":"-76.45343000"},
{"state":"Portland Parish","name":"Charles Town","lat":"18.20526000","lon":"-76.66390000"},
{"state":"Portland Parish","name":"Claverty Cottage","lat":"18.14876000","lon":"-76.63923000"},
{"state":"Portland Parish","name":"Comfort Castle","lat":"18.04833000","lon":"-76.41614000"},
{"state":"Portland Parish","name":"Drapers","lat":"18.17121000","lon":"-76.40612000"},
{"state":"Portland Parish","name":"Durham","lat":"18.08566000","lon":"-76.51562000"},
{"state":"Portland Parish","name":"Fairy Hill","lat":"18.16508000","lon":"-76.36595000"},
{"state":"Portland Parish","name":"Fellowship","lat":"18.12783000","lon":"-76.47202000"},
{"state":"Portland Parish","name":"Fruitfulvale","lat":"18.10891000","lon":"-76.58617000"},
{"state":"Portland Parish","name":"Hectors River","lat":"18.00089000","lon":"-76.27055000"},
{"state":"Portland Parish","name":"Hope Bay","lat":"18.18754000","lon":"-76.57579000"},
{"state":"Portland Parish","name":"Kensington","lat":"18.06765000","lon":"-76.30053000"},
{"state":"Portland Parish","name":"Long Bay","lat":"18.08581000","lon":"-76.32515000"},
{"state":"Portland Parish","name":"Long Road","lat":"18.00864000","lon":"-76.29482000"},
{"state":"Portland Parish","name":"Manchioneal","lat":"18.04444000","lon":"-76.27735000"},
{"state":"Portland Parish","name":"Moore Town","lat":"18.07767000","lon":"-76.42577000"},
{"state":"Portland Parish","name":"Mount Pleasant","lat":"18.16325000","lon":"-76.50472000"},
{"state":"Portland Parish","name":"Nonsuch","lat":"18.13819000","lon":"-76.40467000"},
{"state":"Portland Parish","name":"Norwich","lat":"18.18819000","lon":"-76.47705000"},
{"state":"Portland Parish","name":"Orange Bay","lat":"18.20306000","lon":"-76.62250000"},
{"state":"Portland Parish","name":"Port Antonio","lat":"18.17615000","lon":"-76.45090000"},
{"state":"Portland Parish","name":"Prospect","lat":"18.17481000","lon":"-76.43550000"},
{"state":"Portland Parish","name":"Rock Hall","lat":"18.16170000","lon":"-76.53050000"},
{"state":"Portland Parish","name":"Sherwood Forest","lat":"18.15428000","lon":"-76.37821000"},
{"state":"Portland Parish","name":"Shirley Castle","lat":"18.15657000","lon":"-76.61112000"},
{"state":"Portland Parish","name":"Skibo","lat":"18.17318000","lon":"-76.62752000"},
{"state":"Portland Parish","name":"Snow Hill","lat":"18.19474000","lon":"-76.49350000"},
{"state":"Portland Parish","name":"Spring Hill","lat":"18.12591000","lon":"-76.72909000"},
{"state":"Portland Parish","name":"St. Margaret's Bay","lat":"18.19084000","lon":"-76.52888000"},
{"state":"Portland Parish","name":"Swift River","lat":"18.15770000","lon":"-76.57869000"},
{"state":"Portland Parish","name":"Tranquility","lat":"18.18028000","lon":"-76.68150000"},
{"state":"Portland Parish","name":"Windsor","lat":"18.10673000","lon":"-76.44631000"},
{"state":"Portland Parish","name":"Windsor Castle","lat":"18.24888000","lon":"-76.69029000"},
{"state":"Portland Parish","name":"Windsor Forest","lat":"18.12057000","lon":"-76.33876000"},
{"state":"Saint Andrew","name":"Arcadia","lat":"18.03737000","lon":"-76.78201000"},
{"state":"Saint Andrew","name":"Arlene Gardens","lat":"18.03713000","lon":"-76.81791000"},
{"state":"Saint Andrew","name":"Arnett Gardens","lat":"17.99150000","lon":"-76.79829000"},
{"state":"Saint Andrew","name":"August Town","lat":"17.99556000","lon":"-76.73673000"},
{"state":"Saint Andrew","name":"Barbican","lat":"18.03549000","lon":"-76.76987000"},
{"state":"Saint Andrew","name":"Beverley Hills","lat":"18.00833000","lon":"-76.76208000"},
{"state":"Saint Andrew","name":"Bito","lat":"17.97363000","lon":"-76.66625000"},
{"state":"Saint Andrew","name":"Bloxborough","lat":"17.99581000","lon":"-76.64767000"},
{"state":"Saint Andrew","name":"Boucher Park","lat":"18.00344000","lon":"-76.81257000"},
{"state":"Saint Andrew","name":"Brandon Hill","lat":"18.14822000","lon":"-76.80513000"},
{"state":"Saint Andrew","name":"Bull Bay/ Seven Mile","lat":"17.95247000","lon":"-76.68404000"},
{"state":"Saint Andrew","name":"Cane River","lat":"17.98098000","lon":"-76.68624000"},
{"state":"Saint Andrew","name":"Cassia Park","lat":"18.02047000","lon":"-76.80665000"},
{"state":"Saint Andrew","name":"Cavaliers","lat":"18.09677000","lon":"-76.84321000"},
{"state":"Saint Andrew","name":"Cherry Gardens","lat":"18.04963000","lon":"-76.77867000"},
{"state":"Saint Andrew","name":"Cockburn Gardens","lat":"18.00357000","lon":"-76.82435000"},
{"state":"Saint Andrew","name":"Constant Spring","lat":"18.05078000","lon":"-76.79372000"},
{"state":"Saint Andrew","name":"Constant Spring Gardens","lat":"18.02942000","lon":"-76.79956000"},
{"state":"Saint Andrew","name":"Constitution Hill","lat":"18.01488000","lon":"-76.70515000"},
{"state":"Saint Andrew","name":"Content Gap","lat":"18.04082000","lon":"-76.69070000"},
{"state":"Saint Andrew","name":"Cooreville Gardens","lat":"18.02244000","lon":"-76.84852000"},
{"state":"Saint Andrew","name":"Cross Roads","lat":"17.99454000","lon":"-76.78810000"},
{"state":"Saint Andrew","name":"Dallas","lat":"17.98463000","lon":"-76.71256000"},
{"state":"Saint Andrew","name":"Delacree Park/ Union Gardens","lat":"17.99210000","lon":"-76.82240000"},
{"state":"Saint Andrew","name":"Delacree Pen","lat":"17.99579000","lon":"-76.81709000"},
{"state":"Saint Andrew","name":"Drewsland","lat":"18.02381000","lon":"-76.82626000"},
{"state":"Saint Andrew","name":"Drumblair","lat":"18.02354000","lon":"-76.78759000"},
{"state":"Saint Andrew","name":"Duhaney Park","lat":"18.03086000","lon":"-76.84617000"},
{"state":"Saint Andrew","name":"Eastwood Park Gardens","lat":"18.01891000","lon":"-76.80072000"},
{"state":"Saint Andrew","name":"Elleston Flats/ Mona Commons","lat":"18.00945000","lon":"-76.74034000"},
{"state":"Saint Andrew","name":"Ferry","lat":"18.02771000","lon":"-76.86720000"},
{"state":"Saint Andrew","name":"Forest Hills Gardens","lat":"18.03848000","lon":"-76.82868000"},
{"state":"Saint Andrew","name":"Forest Hills/ Plantation Height","lat":"18.04300000","lon":"-76.85140000"},
{"state":"Saint Andrew","name":"Golden Spring","lat":"18.09446000","lon":"-76.79727000"},
{"state":"Saint Andrew","name":"Gordon Town","lat":"18.03762000","lon":"-76.72353000"},
{"state":"Saint Andrew","name":"Grants Pen","lat":"18.03258000","lon":"-76.78887000"},
{"state":"Saint Andrew","name":"Greenwich Town/ Newport West","lat":"17.98438000","lon":"-76.82559000"},
{"state":"Saint Andrew","name":"Half Way Tree","lat":"18.01248000","lon":"-76.79928000"},
{"state":"Saint Andrew","name":"Half-Way-Tree","lat":"18.01259000","lon":"-76.79582000"},
{"state":"Saint Andrew","name":"Harbour View","lat":"17.95146000","lon":"-76.71662000"},
{"state":"Saint Andrew","name":"Havendale","lat":"18.05429000","lon":"-76.80870000"},
{"state":"Saint Andrew","name":"Hermitage","lat":"17.98351000","lon":"-76.74102000"},
{"state":"Saint Andrew","name":"Hope Pastures/ UTECH","lat":"18.02306000","lon":"-76.74987000"},
{"state":"Saint Andrew","name":"Hope Tavern","lat":"18.01233000","lon":"-76.73202000"},
{"state":"Saint Andrew","name":"Hughenden","lat":"18.03037000","lon":"-76.81728000"},
{"state":"Saint Andrew","name":"Irish Town","lat":"18.06234000","lon":"-76.70262000"},
{"state":"Saint Andrew","name":"Jacks Hill","lat":"18.03872000","lon":"-76.74892000"},
{"state":"Saint Andrew","name":"Jones Town","lat":"17.98422000","lon":"-76.79691000"},
{"state":"Saint Andrew","name":"Kencot","lat":"18.00041000","lon":"-76.79835000"},
{"state":"Saint Andrew","name":"Kintyre","lat":"18.02133000","lon":"-76.72688000"},
{"state":"Saint Andrew","name":"Lawrence Tavern","lat":"18.13742000","lon":"-76.84736000"},
{"state":"Saint Andrew","name":"Liguanea","lat":"18.02097000","lon":"-76.76827000"},
{"state":"Saint Andrew","name":"Majestic Gardens","lat":"18.00023000","lon":"-76.83295000"},
{"state":"Saint Andrew","name":"Mannings Hill","lat":"18.07052000","lon":"-76.81288000"},
{"state":"Saint Andrew","name":"Mannings Hill (Rural)","lat":"18.08169000","lon":"-76.82328000"},
{"state":"Saint Andrew","name":"Marverley","lat":"18.02676000","lon":"-76.82652000"},
{"state":"Saint Andrew","name":"Maryland","lat":"18.05166000","lon":"-76.74320000"},
{"state":"Saint Andrew","name":"Mavis Bank","lat":"18.03333000","lon":"-76.66667000"},
{"state":"Saint Andrew","name":"Maxfield Park","lat":"17.99937000","lon":"-76.80800000"},
{"state":"Saint Andrew","name":"Meadowbrook","lat":"18.04708000","lon":"-76.81553000"},
{"state":"Saint Andrew","name":"Meadowbrook Estate","lat":"18.03738000","lon":"-76.82964000"},
{"state":"Saint Andrew","name":"Molynes Four Roads","lat":"18.01035000","lon":"-76.81112000"},
{"state":"Saint Andrew","name":"Molynes Gardens","lat":"18.01980000","lon":"-76.81621000"},
{"state":"Saint Andrew","name":"Mona Heights","lat":"18.01331000","lon":"-76.75086000"},
{"state":"Saint Andrew","name":"Mount James","lat":"18.12069000","lon":"-76.77394000"},
{"state":"Saint Andrew","name":"Mountain View Gardens","lat":"17.99186000","lon":"-76.76070000"},
{"state":"Saint Andrew","name":"Nannyville","lat":"17.99677000","lon":"-76.76949000"},
{"state":"Saint Andrew","name":"New Haven","lat":"18.02953000","lon":"-76.85425000"},
{"state":"Saint Andrew","name":"New Kingston","lat":"18.00747000","lon":"-76.78319000"},
{"state":"Saint Andrew","name":"Norbrook","lat":"18.05483000","lon":"-76.78498000"},
{"state":"Saint Andrew","name":"Oaklands","lat":"18.03558000","lon":"-76.79563000"},
{"state":"Saint Andrew","name":"Papine","lat":"18.01536000","lon":"-76.73868000"},
{"state":"Saint Andrew","name":"Parks Road","lat":"18.09802000","lon":"-76.85941000"},
{"state":"Saint Andrew","name":"Patrick City","lat":"18.03185000","lon":"-76.83774000"},
{"state":"Saint Andrew","name":"Pembroke Hall","lat":"18.03113000","lon":"-76.83003000"},
{"state":"Saint Andrew","name":"Penwood","lat":"18.01952000","lon":"-76.83094000"},
{"state":"Saint Andrew","name":"Queensborough/ Tunbridge","lat":"18.04289000","lon":"-76.82119000"},
{"state":"Saint Andrew","name":"Red Hills (Rural)","lat":"18.06777000","lon":"-76.86093000"},
{"state":"Saint Andrew","name":"Red Hills Gardens","lat":"18.03000000","lon":"-76.80994000"},
{"state":"Saint Andrew","name":"Red Hills/ Sterling Castle","lat":"18.05946000","lon":"-76.84028000"},
{"state":"Saint Andrew","name":"Richmond Park","lat":"18.00560000","lon":"-76.80464000"},
{"state":"Saint Andrew","name":"Riverton City","lat":"18.01443000","lon":"-76.84897000"},
{"state":"Saint Andrew","name":"Roehampton","lat":"18.04320000","lon":"-76.80841000"},
{"state":"Saint Andrew","name":"Rose Town","lat":"17.98697000","lon":"-76.80726000"},
{"state":"Saint Andrew","name":"Seaview Gardens","lat":"18.00619000","lon":"-76.84106000"},
{"state":"Saint Andrew","name":"Seaward Pen","lat":"18.01900000","lon":"-76.82368000"},
{"state":"Saint Andrew","name":"Seymour Lands","lat":"18.01291000","lon":"-76.77706000"},
{"state":"Saint Andrew","name":"St. Peter's","lat":"18.07881000","lon":"-76.67202000"},
{"state":"Saint Andrew","name":"Stadium Gardens","lat":"17.99501000","lon":"-76.77644000"},
{"state":"Saint Andrew","name":"Stony Hill","lat":"18.07916000","lon":"-76.78473000"},
{"state":"Saint Andrew","name":"Swallowfield","lat":"18.00486000","lon":"-76.77439000"},
{"state":"Saint Andrew","name":"Temple Hall","lat":"18.10471000","lon":"-76.81818000"},
{"state":"Saint Andrew","name":"Three Oaks/ Glendale","lat":"18.03128000","lon":"-76.82447000"},
{"state":"Saint Andrew","name":"Tower Hill","lat":"18.01183000","lon":"-76.82807000"},
{"state":"Saint Andrew","name":"Trafalgar Park","lat":"18.01280000","lon":"-76.78465000"},
{"state":"Saint Andrew","name":"Trench Town","lat":"17.98743000","lon":"-76.80118000"},
{"state":"Saint Andrew","name":"University","lat":"18.00094000","lon":"-76.74769000"},
{"state":"Saint Andrew","name":"Vineyard Town","lat":"17.98690000","lon":"-76.77059000"},
{"state":"Saint Andrew","name":"Waltham Gardens","lat":"18.01085000","lon":"-76.82049000"},
{"state":"Saint Andrew","name":"Washington Gardens","lat":"18.02174000","lon":"-76.84020000"},
{"state":"Saint Andrew","name":"Waterhouse","lat":"18.01231000","lon":"-76.83505000"},
{"state":"Saint Andrew","name":"Whitehall","lat":"18.03838000","lon":"-76.80583000"},
{"state":"Saint Andrew","name":"Whitfield Town","lat":"17.99212000","lon":"-76.80910000"},
{"state":"Saint Andrew","name":"Wilton Gardens/ Rema","lat":"17.98287000","lon":"-76.80422000"},
{"state":"Saint Andrew","name":"Woodford","lat":"18.07362000","lon":"-76.74632000"},
{"state":"Saint Andrew","name":"Woodford Park","lat":"17.98712000","lon":"-76.78117000"},
{"state":"Saint Andrew","name":"Zaidie Gardens","lat":"18.02566000","lon":"-76.80978000"},
{"state":"Saint Ann Parish","name":"Aboukir","lat":"18.25090000","lon":"-77.34327000"},
{"state":"Saint Ann Parish","name":"Alderton","lat":"18.28706000","lon":"-77.20832000"},
{"state":"Saint Ann Parish","name":"Alexandria","lat":"18.30411000","lon":"-77.35311000"},
{"state":"Saint Ann Parish","name":"Alva","lat":"18.29679000","lon":"-77.31717000"},
{"state":"Saint Ann Parish","name":"Bamboo","lat":"18.39216000","lon":"-77.26429000"},
{"state":"Saint Ann Parish","name":"Beecher Town","lat":"18.38465000","lon":"-77.11617000"},
{"state":"Saint Ann Parish","name":"Bensonton","lat":"18.22315000","lon":"-77.20861000"},
{"state":"Saint Ann Parish","name":"Blackstonedge","lat":"18.27357000","lon":"-77.04254000"},
{"state":"Saint Ann Parish","name":"Bohemia","lat":"18.21239000","lon":"-77.46954000"},
{"state":"Saint Ann Parish","name":"Borobridge","lat":"18.19779000","lon":"-77.42755000"},
{"state":"Saint Ann Parish","name":"Browns Town","lat":"18.38464000","lon":"-77.35286000"},
{"state":"Saint Ann Parish","name":"Calderwood","lat":"18.25641000","lon":"-77.27144000"},
{"state":"Saint Ann Parish","name":"Cascade","lat":"18.23209000","lon":"-77.46255000"},
{"state":"Saint Ann Parish","name":"Cave Valley","lat":"18.23268000","lon":"-77.36337000"},
{"state":"Saint Ann Parish","name":"Chalky Hill","lat":"18.37964000","lon":"-77.17520000"},
{"state":"Saint Ann Parish","name":"Chester","lat":"18.44786000","lon":"-77.26503000"},
{"state":"Saint Ann Parish","name":"Claremont","lat":"18.32556000","lon":"-77.20643000"},
{"state":"Saint Ann Parish","name":"Cole Gate","lat":"18.37967000","lon":"-77.08518000"},
{"state":"Saint Ann Parish","name":"Content Garden","lat":"18.40977000","lon":"-77.07540000"},
{"state":"Saint Ann Parish","name":"Cuffie Ridge","lat":"18.22793000","lon":"-77.42054000"},
{"state":"Saint Ann Parish","name":"Discovery Bay","lat":"18.43725000","lon":"-77.41815000"},
{"state":"Saint Ann Parish","name":"Epworth","lat":"18.36083000","lon":"-77.13342000"},
{"state":"Saint Ann Parish","name":"Exchange","lat":"18.37265000","lon":"-77.06572000"},
{"state":"Saint Ann Parish","name":"Faith's Pen","lat":"18.22963000","lon":"-77.08804000"},
{"state":"Saint Ann Parish","name":"Gibraltar","lat":"18.35079000","lon":"-77.42142000"},
{"state":"Saint Ann Parish","name":"Golden Grove","lat":"18.32956000","lon":"-77.12256000"},
{"state":"Saint Ann Parish","name":"Great Pond","lat":"18.40227000","lon":"-77.08511000"},
{"state":"Saint Ann Parish","name":"Higgin Land","lat":"18.34119000","lon":"-77.27072000"},
{"state":"Saint Ann Parish","name":"Hinds Town","lat":"18.35425000","lon":"-77.09812000"},
{"state":"Saint Ann Parish","name":"Inverness","lat":"18.27531000","lon":"-77.36862000"},
{"state":"Saint Ann Parish","name":"Lime Hall","lat":"18.39742000","lon":"-77.21051000"},
{"state":"Saint Ann Parish","name":"Lime Tree Gardens","lat":"18.34545000","lon":"-77.38645000"},
{"state":"Saint Ann Parish","name":"Linton Park","lat":"18.26081000","lon":"-77.42221000"},
{"state":"Saint Ann Parish","name":"Macknie","lat":"18.21191000","lon":"-77.28016000"},
{"state":"Saint Ann Parish","name":"Madras","lat":"18.29112000","lon":"-77.44875000"},
{"state":"Saint Ann Parish","name":"Mansfield","lat":"18.40265000","lon":"-77.09488000"},
{"state":"Saint Ann Parish","name":"Moneague","lat":"18.28307000","lon":"-77.13855000"},
{"state":"Saint Ann Parish","name":"Mount Moriah","lat":"18.20617000","lon":"-77.44094000"},
{"state":"Saint Ann Parish","name":"Mount Zion","lat":"18.43377000","lon":"-77.28028000"},
{"state":"Saint Ann Parish","name":"Ocho Rios","lat":"18.40760000","lon":"-77.10312000"},
{"state":"Saint Ann Parish","name":"Parry Town","lat":"18.38359000","lon":"-77.10345000"},
{"state":"Saint Ann Parish","name":"Philadelphia","lat":"18.40005000","lon":"-77.32735000"},
{"state":"Saint Ann Parish","name":"Pimento Walk","lat":"18.39578000","lon":"-77.11383000"},
{"state":"Saint Ann Parish","name":"Priory","lat":"18.43660000","lon":"-77.24551000"},
{"state":"Saint Ann Parish","name":"River Head","lat":"18.26030000","lon":"-77.07782000"},
{"state":"Saint Ann Parish","name":"Runaway Bay","lat":"18.45962000","lon":"-77.33570000"},
{"state":"Saint Ann Parish","name":"Saint Ann’s Bay","lat":"18.43581000","lon":"-77.20098000"},
{"state":"Saint Ann Parish","name":"St. Ann's Bay","lat":"18.42989000","lon":"-77.20775000"},
{"state":"Saint Ann Parish","name":"St. D'Acre","lat":"18.33300000","lon":"-77.36297000"},
{"state":"Saint Ann Parish","name":"Steer Town","lat":"18.42852000","lon":"-77.17101000"},
{"state":"Saint Ann Parish","name":"Sturge Town","lat":"18.41631000","lon":"-77.31988000"},
{"state":"Saint Ann Parish","name":"Walkers Wood","lat":"18.31939000","lon":"-77.07082000"},
{"state":"Saint Ann Parish","name":"Watt Town","lat":"18.29427000","lon":"-77.41466000"},
{"state":"Saint Ann Parish","name":"York Castle","lat":"18.27515000","lon":"-77.22923000"},
{"state":"Saint Catherine Parish","name":"Above Rocks","lat":"18.11432000","lon":"-76.87590000"},
{"state":"Saint Catherine Parish","name":"Bartons","lat":"18.02895000","lon":"-77.13322000"},
{"state":"Saint Catherine Parish","name":"Bellas Gate","lat":"18.04715000","lon":"-77.14906000"},
{"state":"Saint Catherine Parish","name":"Bog Walk","lat":"18.10205000","lon":"-77.00541000"},
{"state":"Saint Catherine Parish","name":"Bogwalk","lat":"18.10468000","lon":"-76.98792000"},
{"state":"Saint Catherine Parish","name":"Braeton","lat":"17.94174000","lon":"-76.88635000"},
{"state":"Saint Catherine Parish","name":"Bridgeport","lat":"17.96264000","lon":"-76.87809000"},
{"state":"Saint Catherine Parish","name":"Browns Hill","lat":"18.05358000","lon":"-77.11855000"},
{"state":"Saint Catherine Parish","name":"Caymanas","lat":"18.03824000","lon":"-76.89833000"},
{"state":"Saint Catherine Parish","name":"Central Village","lat":"17.99992000","lon":"-76.92393000"},
{"state":"Saint Catherine Parish","name":"Crescent","lat":"18.03621000","lon":"-76.97626000"},
{"state":"Saint Catherine Parish","name":"Cromarty","lat":"17.95840000","lon":"-76.98457000"},
{"state":"Saint Catherine Parish","name":"Cumberland","lat":"17.97650000","lon":"-76.88208000"},
{"state":"Saint Catherine Parish","name":"Edgewater","lat":"17.96448000","lon":"-76.86547000"},
{"state":"Saint Catherine Parish","name":"Ensom","lat":"18.01778000","lon":"-76.96221000"},
{"state":"Saint Catherine Parish","name":"Ewarton","lat":"18.18333000","lon":"-77.08536000"},
{"state":"Saint Catherine Parish","name":"Ginger Ridge","lat":"18.07688000","lon":"-77.16865000"},
{"state":"Saint Catherine Parish","name":"Glengoffe","lat":"18.15214000","lon":"-76.89057000"},
{"state":"Saint Catherine Parish","name":"Golden Acres","lat":"18.01950000","lon":"-76.98040000"},
{"state":"Saint Catherine Parish","name":"Greater Portmore","lat":"17.95228000","lon":"-76.91133000"},
{"state":"Saint Catherine Parish","name":"Greendale","lat":"18.01251000","lon":"-76.94831000"},
{"state":"Saint Catherine Parish","name":"Gregory Park","lat":"17.99490000","lon":"-76.88302000"},
{"state":"Saint Catherine Parish","name":"Hampton Green","lat":"18.00544000","lon":"-76.96818000"},
{"state":"Saint Catherine Parish","name":"Harewood","lat":"18.17277000","lon":"-76.94395000"},
{"state":"Saint Catherine Parish","name":"Harkers Hall","lat":"18.13149000","lon":"-76.91350000"},
{"state":"Saint Catherine Parish","name":"Hellshire","lat":"17.89669000","lon":"-76.96187000"},
{"state":"Saint Catherine Parish","name":"Independence City","lat":"17.97783000","lon":"-76.87498000"},
{"state":"Saint Catherine Parish","name":"Keystone","lat":"18.01652000","lon":"-76.93525000"},
{"state":"Saint Catherine Parish","name":"Kitson Town","lat":"18.03487000","lon":"-77.04028000"},
{"state":"Saint Catherine Parish","name":"Linstead","lat":"18.13683000","lon":"-77.03171000"},
{"state":"Saint Catherine Parish","name":"Lluidas Vale","lat":"18.14977000","lon":"-77.16853000"},
{"state":"Saint Catherine Parish","name":"Naggo Head","lat":"17.96415000","lon":"-76.88820000"},
{"state":"Saint Catherine Parish","name":"Old Harbour","lat":"17.94144000","lon":"-77.10898000"},
{"state":"Saint Catherine Parish","name":"Old Harbour Bay","lat":"17.90918000","lon":"-77.09718000"},
{"state":"Saint Catherine Parish","name":"Old Harbour Road","lat":"17.95797000","lon":"-77.02730000"},
{"state":"Saint Catherine Parish","name":"Part of Guys Hill","lat":"18.24525000","lon":"-76.99081000"},
{"state":"Saint Catherine Parish","name":"Part of Keystone","lat":"18.03965000","lon":"-76.95113000"},
{"state":"Saint Catherine Parish","name":"Part of Rock Hall","lat":"18.09119000","lon":"-76.88804000"},
{"state":"Saint Catherine Parish","name":"Passage Fort","lat":"17.97788000","lon":"-76.86793000"},
{"state":"Saint Catherine Parish","name":"Pear Tree Grove","lat":"18.22515000","lon":"-76.95293000"},
{"state":"Saint Catherine Parish","name":"Point Hill","lat":"18.09361000","lon":"-77.10480000"},
{"state":"Saint Catherine Parish","name":"Portmore","lat":"17.95032000","lon":"-76.88215000"},
{"state":"Saint Catherine Parish","name":"Redwood","lat":"18.21026000","lon":"-76.98536000"},
{"state":"Saint Catherine Parish","name":"Riversdale","lat":"18.17802000","lon":"-76.96636000"},
{"state":"Saint Catherine Parish","name":"Sligoville","lat":"18.08203000","lon":"-76.93991000"},
{"state":"Saint Catherine Parish","name":"Spanish Town","lat":"17.99107000","lon":"-76.95742000"},
{"state":"Saint Catherine Parish","name":"Spanish Town Central","lat":"17.98014000","lon":"-76.92294000"},
{"state":"Saint Catherine Parish","name":"St. John's East","lat":"18.00090000","lon":"-76.97466000"},
{"state":"Saint Catherine Parish","name":"St. John's West","lat":"18.00539000","lon":"-77.00755000"},
{"state":"Saint Catherine Parish","name":"Troja","lat":"18.20485000","lon":"-76.93196000"},
{"state":"Saint Catherine Parish","name":"Waterford","lat":"17.99340000","lon":"-76.86090000"},
{"state":"Saint Catherine Parish","name":"Watermount","lat":"18.06686000","lon":"-77.09112000"},
{"state":"Saint Catherine Parish","name":"West Cumberland","lat":"17.97890000","lon":"-76.88662000"},
{"state":"Saint Catherine Parish","name":"Willowdene","lat":"17.99189000","lon":"-76.98199000"},
{"state":"Saint Elizabeth Parish","name":"Aberdeen","lat":"18.20508000","lon":"-77.67932000"},
{"state":"Saint Elizabeth Parish","name":"Accompong","lat":"18.22985000","lon":"-77.74816000"},
{"state":"Saint Elizabeth Parish","name":"Alligator Pond","lat":"17.86932000","lon":"-77.56769000"},
{"state":"Saint Elizabeth Parish","name":"Balaclava","lat":"18.17228000","lon":"-77.64375000"},
{"state":"Saint Elizabeth Parish","name":"Ballards  Valley","lat":"17.87949000","lon":"-77.63086000"},
{"state":"Saint Elizabeth Parish","name":"Barbary Hall","lat":"17.96800000","lon":"-77.77961000"},
{"state":"Saint Elizabeth Parish","name":"Bigwoods","lat":"17.93338000","lon":"-77.71897000"},
{"state":"Saint Elizabeth Parish","name":"Black River","lat":"18.02636000","lon":"-77.84873000"},
{"state":"Saint Elizabeth Parish","name":"Bogue","lat":"18.13619000","lon":"-77.66970000"},
{"state":"Saint Elizabeth Parish","name":"Braes River","lat":"18.09351000","lon":"-77.66487000"},
{"state":"Saint Elizabeth Parish","name":"Brighton","lat":"18.14836000","lon":"-77.85604000"},
{"state":"Saint Elizabeth Parish","name":"Brompton","lat":"18.06795000","lon":"-77.88821000"},
{"state":"Saint Elizabeth Parish","name":"Bull Savanna","lat":"17.88678000","lon":"-77.59022000"},
{"state":"Saint Elizabeth Parish","name":"Bull Savannah","lat":"17.88056000","lon":"-77.59000000"},
{"state":"Saint Elizabeth Parish","name":"Burnt Savannah","lat":"18.03177000","lon":"-77.74936000"},
{"state":"Saint Elizabeth Parish","name":"Carisbrook","lat":"18.14742000","lon":"-77.77367000"},
{"state":"Saint Elizabeth Parish","name":"Cotterwood","lat":"18.09492000","lon":"-77.91553000"},
{"state":"Saint Elizabeth Parish","name":"Crawford","lat":"18.05060000","lon":"-77.91596000"},
{"state":"Saint Elizabeth Parish","name":"Elderslie","lat":"18.22416000","lon":"-77.79381000"},
{"state":"Saint Elizabeth Parish","name":"Fullerswood","lat":"18.01527000","lon":"-77.77572000"},
{"state":"Saint Elizabeth Parish","name":"Giddy Hall","lat":"18.09702000","lon":"-77.86764000"},
{"state":"Saint Elizabeth Parish","name":"Ginger Hill","lat":"18.19180000","lon":"-77.84867000"},
{"state":"Saint Elizabeth Parish","name":"Goshen","lat":"18.04964000","lon":"-77.64136000"},
{"state":"Saint Elizabeth Parish","name":"Holland","lat":"18.10358000","lon":"-77.80164000"},
{"state":"Saint Elizabeth Parish","name":"Hopeton","lat":"17.95626000","lon":"-77.66239000"},
{"state":"Saint Elizabeth Parish","name":"Junction","lat":"17.91467000","lon":"-77.59894000"},
{"state":"Saint Elizabeth Parish","name":"Lacovia","lat":"18.08844000","lon":"-77.75350000"},
{"state":"Saint Elizabeth Parish","name":"Leeds","lat":"18.01399000","lon":"-77.68374000"},
{"state":"Saint Elizabeth Parish","name":"Lititz","lat":"17.94033000","lon":"-77.59511000"},
{"state":"Saint Elizabeth Parish","name":"Maggotty","lat":"18.17343000","lon":"-77.76681000"},
{"state":"Saint Elizabeth Parish","name":"Malvern","lat":"17.96667000","lon":"-77.70000000"},
{"state":"Saint Elizabeth Parish","name":"Merrywood","lat":"18.21793000","lon":"-77.83773000"},
{"state":"Saint Elizabeth Parish","name":"Middle Quarters","lat":"18.11455000","lon":"-77.83808000"},
{"state":"Saint Elizabeth Parish","name":"Mountainside","lat":"17.98077000","lon":"-77.74786000"},
{"state":"Saint Elizabeth Parish","name":"Mulgrave","lat":"18.21164000","lon":"-77.82018000"},
{"state":"Saint Elizabeth Parish","name":"Myersville","lat":"17.99699000","lon":"-77.62425000"},
{"state":"Saint Elizabeth Parish","name":"Nain","lat":"17.96526000","lon":"-77.60528000"},
{"state":"Saint Elizabeth Parish","name":"New Market","lat":"18.15362000","lon":"-77.90962000"},
{"state":"Saint Elizabeth Parish","name":"Newell","lat":"17.92103000","lon":"-77.74653000"},
{"state":"Saint Elizabeth Parish","name":"Newton","lat":"18.11095000","lon":"-77.72352000"},
{"state":"Saint Elizabeth Parish","name":"Parottee","lat":"17.96174000","lon":"-77.81774000"},
{"state":"Saint Elizabeth Parish","name":"Pedro Plains","lat":"17.88569000","lon":"-77.71337000"},
{"state":"Saint Elizabeth Parish","name":"Pepper","lat":"18.02105000","lon":"-77.61284000"},
{"state":"Saint Elizabeth Parish","name":"Pisgah","lat":"18.19605000","lon":"-77.88671000"},
{"state":"Saint Elizabeth Parish","name":"Pondside","lat":"17.98153000","lon":"-77.79450000"},
{"state":"Saint Elizabeth Parish","name":"Potsdam","lat":"17.91872000","lon":"-77.66869000"},
{"state":"Saint Elizabeth Parish","name":"Quick Step","lat":"18.23281000","lon":"-77.67831000"},
{"state":"Saint Elizabeth Parish","name":"Red Bank","lat":"17.93776000","lon":"-77.62585000"},
{"state":"Saint Elizabeth Parish","name":"Retirement","lat":"18.20740000","lon":"-77.76698000"},
{"state":"Saint Elizabeth Parish","name":"Rose Hall","lat":"17.92654000","lon":"-77.64153000"},
{"state":"Saint Elizabeth Parish","name":"Russels","lat":"17.98638000","lon":"-77.65065000"},
{"state":"Saint Elizabeth Parish","name":"Santa Cruz","lat":"18.05336000","lon":"-77.69836000"},
{"state":"Saint Elizabeth Parish","name":"Scholefield","lat":"18.02375000","lon":"-77.71884000"},
{"state":"Saint Elizabeth Parish","name":"Siloah","lat":"18.16334000","lon":"-77.71061000"},
{"state":"Saint Elizabeth Parish","name":"Slipe","lat":"18.05740000","lon":"-77.79687000"},
{"state":"Saint Elizabeth Parish","name":"Southfield","lat":"17.88212000","lon":"-77.66988000"},
{"state":"Saint Elizabeth Parish","name":"Springfield","lat":"18.17662000","lon":"-77.87392000"},
{"state":"Saint Elizabeth Parish","name":"Thornton","lat":"18.19564000","lon":"-77.72246000"},
{"state":"Saint Elizabeth Parish","name":"Top Hill","lat":"17.89317000","lon":"-77.63793000"},
{"state":"Saint Elizabeth Parish","name":"Treasure Beach","lat":"17.89550000","lon":"-77.76051000"},
{"state":"Saint Elizabeth Parish","name":"Warminister","lat":"17.96238000","lon":"-77.63956000"},
{"state":"Saint Elizabeth Parish","name":"Watchwell","lat":"17.93876000","lon":"-77.77250000"},
{"state":"Saint Elizabeth Parish","name":"White Hill","lat":"18.15646000","lon":"-77.81067000"},
{"state":"Saint James Parish","name":"Adelphi","lat":"18.45060000","lon":"-77.78590000"},
{"state":"Saint James Parish","name":"Albion","lat":"18.48471000","lon":"-77.91408000"},
{"state":"Saint James Parish","name":"Anchovy","lat":"18.41030000","lon":"-77.93166000"},
{"state":"Saint James Parish","name":"Arcadia","lat":"18.24993000","lon":"-77.79228000"},
{"state":"Saint James Parish","name":"Barrett Town","lat":"18.50871000","lon":"-77.79625000"},
{"state":"Saint James Parish","name":"Bickersteth","lat":"18.36335000","lon":"-77.93651000"},
{"state":"Saint James Parish","name":"Bogue","lat":"18.43722000","lon":"-77.92022000"},
{"state":"Saint James Parish","name":"Brandon Hill","lat":"18.47767000","lon":"-77.91117000"},
{"state":"Saint James Parish","name":"Cambridge","lat":"18.31308000","lon":"-77.89546000"},
{"state":"Saint James Parish","name":"Canterbury","lat":"18.47919000","lon":"-77.91655000"},
{"state":"Saint James Parish","name":"Catadupa","lat":"18.28052000","lon":"-77.86579000"},
{"state":"Saint James Parish","name":"Catherine Hall","lat":"18.46258000","lon":"-77.92286000"},
{"state":"Saint James Parish","name":"Catherine Mount","lat":"18.45672000","lon":"-77.89691000"},
{"state":"Saint James Parish","name":"Comfort Hall","lat":"18.41270000","lon":"-77.91814000"},
{"state":"Saint James Parish","name":"Coral Gardens","lat":"18.50791000","lon":"-77.88034000"},
{"state":"Saint James Parish","name":"Cornwall","lat":"18.48930000","lon":"-77.81016000"},
{"state":"Saint James Parish","name":"Down Town Montego Bay","lat":"18.47726000","lon":"-77.92031000"},
{"state":"Saint James Parish","name":"Dumfries","lat":"18.42973000","lon":"-77.75593000"},
{"state":"Saint James Parish","name":"Fairfield","lat":"18.45079000","lon":"-77.91235000"},
{"state":"Saint James Parish","name":"Farm Heights","lat":"18.46869000","lon":"-77.87760000"},
{"state":"Saint James Parish","name":"Flagstaff","lat":"18.35412000","lon":"-77.77132000"},
{"state":"Saint James Parish","name":"Flamstead","lat":"18.31409000","lon":"-77.81316000"},
{"state":"Saint James Parish","name":"Flankers","lat":"18.50265000","lon":"-77.90831000"},
{"state":"Saint James Parish","name":"Flower Hill","lat":"18.48426000","lon":"-77.83913000"},
{"state":"Saint James Parish","name":"Friendship","lat":"18.44590000","lon":"-77.86242000"},
{"state":"Saint James Parish","name":"Garlands","lat":"18.27811000","lon":"-77.78908000"},
{"state":"Saint James Parish","name":"Glendevon","lat":"18.48488000","lon":"-77.89710000"},
{"state":"Saint James Parish","name":"Goodwill","lat":"18.46950000","lon":"-77.75646000"},
{"state":"Saint James Parish","name":"Granville","lat":"18.44191000","lon":"-77.89402000"},
{"state":"Saint James Parish","name":"Green Pond","lat":"18.47361000","lon":"-77.87779000"},
{"state":"Saint James Parish","name":"Greenwood","lat":"18.49768000","lon":"-77.75243000"},
{"state":"Saint James Parish","name":"Hopeton","lat":"18.39858000","lon":"-77.86826000"},
{"state":"Saint James Parish","name":"Ironshore","lat":"18.51323000","lon":"-77.85108000"},
{"state":"Saint James Parish","name":"Irwin","lat":"18.44949000","lon":"-77.87722000"},
{"state":"Saint James Parish","name":"John's Hall","lat":"18.42849000","lon":"-77.85010000"},
{"state":"Saint James Parish","name":"Lilliput","lat":"18.50591000","lon":"-77.77686000"},
{"state":"Saint James Parish","name":"Lottery","lat":"18.41499000","lon":"-77.80696000"},
{"state":"Saint James Parish","name":"Maldon","lat":"18.33831000","lon":"-77.80998000"},
{"state":"Saint James Parish","name":"Maroon Town","lat":"18.34464000","lon":"-77.79544000"},
{"state":"Saint James Parish","name":"Mocho","lat":"18.29135000","lon":"-77.82580000"},
{"state":"Saint James Parish","name":"Montego Bay","lat":"18.47116000","lon":"-77.91883000"},
{"state":"Saint James Parish","name":"Montego Hill","lat":"18.48038000","lon":"-77.88150000"},
{"state":"Saint James Parish","name":"Montpelier","lat":"18.37612000","lon":"-77.91357000"},
{"state":"Saint James Parish","name":"Mount Carey","lat":"18.38888000","lon":"-77.94374000"},
{"state":"Saint James Parish","name":"Mount Horeb","lat":"18.33322000","lon":"-77.86675000"},
{"state":"Saint James Parish","name":"Mount Salem","lat":"18.46601000","lon":"-77.90793000"},
{"state":"Saint James Parish","name":"Niagara","lat":"18.26534000","lon":"-77.81879000"},
{"state":"Saint James Parish","name":"Norwood","lat":"18.49217000","lon":"-77.88634000"},
{"state":"Saint James Parish","name":"Orange","lat":"18.45395000","lon":"-77.82779000"},
{"state":"Saint James Parish","name":"Paradise","lat":"18.49401000","lon":"-77.90982000"},
{"state":"Saint James Parish","name":"Pitfour","lat":"18.43206000","lon":"-77.89007000"},
{"state":"Saint James Parish","name":"Porto Bello","lat":"18.46607000","lon":"-77.86989000"},
{"state":"Saint James Parish","name":"Reading","lat":"18.43723000","lon":"-77.94730000"},
{"state":"Saint James Parish","name":"Retirement","lat":"18.43742000","lon":"-77.88004000"},
{"state":"Saint James Parish","name":"Retrieve","lat":"18.28901000","lon":"-77.90081000"},
{"state":"Saint James Parish","name":"Roehampton","lat":"18.39897000","lon":"-77.89926000"},
{"state":"Saint James Parish","name":"Rose Hall","lat":"18.51228000","lon":"-77.81833000"},
{"state":"Saint James Parish","name":"Rose Heights","lat":"18.46945000","lon":"-77.89533000"},
{"state":"Saint James Parish","name":"Rose Mount Garden","lat":"18.46394000","lon":"-77.89397000"},
{"state":"Saint James Parish","name":"Rosemount","lat":"18.47484000","lon":"-77.89216000"},
{"state":"Saint James Parish","name":"Salt Spring","lat":"18.48687000","lon":"-77.86554000"},
{"state":"Saint James Parish","name":"Seven Rivers","lat":"18.34702000","lon":"-77.91378000"},
{"state":"Saint James Parish","name":"Somerton","lat":"18.40496000","lon":"-77.77071000"},
{"state":"Saint James Parish","name":"Spot Valley","lat":"18.47869000","lon":"-77.79106000"},
{"state":"Saint James Parish","name":"Stonehenge","lat":"18.24231000","lon":"-77.85042000"},
{"state":"Saint James Parish","name":"Summer Hill","lat":"18.37360000","lon":"-77.79350000"},
{"state":"Saint James Parish","name":"Sunderland","lat":"18.39794000","lon":"-77.82734000"},
{"state":"Saint James Parish","name":"Tangle River","lat":"18.34337000","lon":"-77.83621000"},
{"state":"Saint James Parish","name":"Tower Hill/Moy Hall","lat":"18.44044000","lon":"-77.96022000"},
{"state":"Saint James Parish","name":"Tucker","lat":"18.44900000","lon":"-77.89438000"},
{"state":"Saint James Parish","name":"Unity Hall","lat":"18.43304000","lon":"-77.97684000"},
{"state":"Saint James Parish","name":"Vaughnsfield","lat":"18.32135000","lon":"-77.78051000"},
{"state":"Saint James Parish","name":"Welcome Hall","lat":"18.36898000","lon":"-77.83673000"},
{"state":"Saint James Parish","name":"West Green","lat":"18.46244000","lon":"-77.91757000"},
{"state":"Saint Mary Parish","name":"Amiel Town","lat":"18.34027000","lon":"-76.97612000"},
{"state":"Saint Mary Parish","name":"Annotto Bay","lat":"18.27170000","lon":"-76.76523000"},
{"state":"Saint Mary Parish","name":"Baileys Vale","lat":"18.34527000","lon":"-76.92593000"},
{"state":"Saint Mary Parish","name":"Baxter Mountain","lat":"18.20405000","lon":"-76.77198000"},
{"state":"Saint Mary Parish","name":"Belfield","lat":"18.27347000","lon":"-76.83574000"},
{"state":"Saint Mary Parish","name":"Bonnygate","lat":"18.32869000","lon":"-76.94606000"},
{"state":"Saint Mary Parish","name":"Brainerd","lat":"18.16988000","lon":"-76.86890000"},
{"state":"Saint Mary Parish","name":"Broadgate","lat":"18.22847000","lon":"-76.80788000"},
{"state":"Saint Mary Parish","name":"Camberwell","lat":"18.23930000","lon":"-76.78088000"},
{"state":"Saint Mary Parish","name":"Carron Hall","lat":"18.27797000","lon":"-76.95246000"},
{"state":"Saint Mary Parish","name":"Castleton","lat":"18.17618000","lon":"-76.78340000"},
{"state":"Saint Mary Parish","name":"Charles Town","lat":"18.38918000","lon":"-77.03978000"},
{"state":"Saint Mary Parish","name":"Clonmel","lat":"18.24281000","lon":"-76.83137000"},
{"state":"Saint Mary Parish","name":"Devon Pen","lat":"18.21561000","lon":"-76.82440000"},
{"state":"Saint Mary Parish","name":"Dover","lat":"18.25534000","lon":"-76.70811000"},
{"state":"Saint Mary Parish","name":"Enfield","lat":"18.22036000","lon":"-76.73745000"},
{"state":"Saint Mary Parish","name":"Epson","lat":"18.25220000","lon":"-76.72641000"},
{"state":"Saint Mary Parish","name":"Flint River","lat":"18.23790000","lon":"-76.92173000"},
{"state":"Saint Mary Parish","name":"Free Hill","lat":"18.35439000","lon":"-76.94317000"},
{"state":"Saint Mary Parish","name":"Friendship Gap","lat":"18.19719000","lon":"-76.81960000"},
{"state":"Saint Mary Parish","name":"Galina","lat":"18.40265000","lon":"-76.90041000"},
{"state":"Saint Mary Parish","name":"Gayle","lat":"18.34278000","lon":"-77.00211000"},
{"state":"Saint Mary Parish","name":"Guys Hill","lat":"18.26243000","lon":"-76.99561000"},
{"state":"Saint Mary Parish","name":"Hampstead","lat":"18.32051000","lon":"-76.90477000"},
{"state":"Saint Mary Parish","name":"Highgate","lat":"18.27739000","lon":"-76.89554000"},
{"state":"Saint Mary Parish","name":"Islington","lat":"18.32160000","lon":"-76.84102000"},
{"state":"Saint Mary Parish","name":"Jacks River","lat":"18.37220000","lon":"-76.94101000"},
{"state":"Saint Mary Parish","name":"Jeffery Town","lat":"18.28956000","lon":"-77.00343000"},
{"state":"Saint Mary Parish","name":"Labyrinth","lat":"18.34419000","lon":"-77.03227000"},
{"state":"Saint Mary Parish","name":"Long Road","lat":"18.21337000","lon":"-76.75009000"},
{"state":"Saint Mary Parish","name":"Lucky Hill","lat":"18.30252000","lon":"-77.01678000"},
{"state":"Saint Mary Parish","name":"Mango Valley","lat":"18.37481000","lon":"-76.97694000"},
{"state":"Saint Mary Parish","name":"Martin","lat":"18.30118000","lon":"-76.87257000"},
{"state":"Saint Mary Parish","name":"Mason Hall","lat":"18.39662000","lon":"-76.92063000"},
{"state":"Saint Mary Parish","name":"Mile Gully","lat":"18.31801000","lon":"-76.96051000"},
{"state":"Saint Mary Parish","name":"Oracabessa","lat":"18.40319000","lon":"-76.94641000"},
{"state":"Saint Mary Parish","name":"Port Maria","lat":"18.36849000","lon":"-76.88946000"},
{"state":"Saint Mary Parish","name":"Prospect","lat":"18.41273000","lon":"-77.04119000"},
{"state":"Saint Mary Parish","name":"Retreat","lat":"18.37865000","lon":"-77.01590000"},
{"state":"Saint Mary Parish","name":"Richmond","lat":"18.21113000","lon":"-76.88301000"},
{"state":"Saint Mary Parish","name":"Robins Bay","lat":"18.31236000","lon":"-76.81783000"},
{"state":"Saint Mary Parish","name":"Sandside","lat":"18.33888000","lon":"-76.89551000"},
{"state":"Saint Mary Parish","name":"Scotts Hall","lat":"18.19083000","lon":"-76.83942000"},
{"state":"Saint Mary Parish","name":"Woodpark","lat":"18.29734000","lon":"-76.98114000"},
{"state":"Saint Mary Parish","name":"Woodside","lat":"18.25258000","lon":"-76.92679000"},
{"state":"Saint Thomas Parish","name":"Airy Castle","lat":"17.92506000","lon":"-76.34216000"},
{"state":"Saint Thomas Parish","name":"Albion","lat":"17.90119000","lon":"-76.60761000"},
{"state":"Saint Thomas Parish","name":"Amity Hall","lat":"17.96759000","lon":"-76.25698000"},
{"state":"Saint Thomas Parish","name":"Arcadia","lat":"17.92230000","lon":"-76.30030000"},
{"state":"Saint Thomas Parish","name":"Baptist","lat":"17.87666000","lon":"-76.57837000"},
{"state":"Saint Thomas Parish","name":"Barking Lodge","lat":"17.89279000","lon":"-76.28922000"},
{"state":"Saint Thomas Parish","name":"Bath","lat":"17.94820000","lon":"-76.34916000"},
{"state":"Saint Thomas Parish","name":"Bethel","lat":"17.98527000","lon":"-76.58050000"},
{"state":"Saint Thomas Parish","name":"Cedar Valley","lat":"18.02815000","lon":"-76.59556000"},
{"state":"Saint Thomas Parish","name":"Church Corner","lat":"17.88718000","lon":"-76.41898000"},
{"state":"Saint Thomas Parish","name":"Dalvey","lat":"17.90241000","lon":"-76.25001000"},
{"state":"Saint Thomas Parish","name":"Danvers Pen","lat":"17.92880000","lon":"-76.47586000"},
{"state":"Saint Thomas Parish","name":"Duckenfield","lat":"17.92205000","lon":"-76.22657000"},
{"state":"Saint Thomas Parish","name":"Duhaney Pen","lat":"17.89402000","lon":"-76.43193000"},
{"state":"Saint Thomas Parish","name":"Easington","lat":"17.92397000","lon":"-76.58824000"},
{"state":"Saint Thomas Parish","name":"Eleven Miles","lat":"17.93745000","lon":"-76.64337000"},
{"state":"Saint Thomas Parish","name":"Font Hill","lat":"17.94055000","lon":"-76.51169000"},
{"state":"Saint Thomas Parish","name":"Golden Grove","lat":"17.93361000","lon":"-76.27254000"},
{"state":"Saint Thomas Parish","name":"Hagley Gap","lat":"18.04845000","lon":"-76.62777000"},
{"state":"Saint Thomas Parish","name":"Hampton Court","lat":"17.91782000","lon":"-76.26131000"},
{"state":"Saint Thomas Parish","name":"Hayfield","lat":"17.98199000","lon":"-76.36841000"},
{"state":"Saint Thomas Parish","name":"Hillside","lat":"17.99619000","lon":"-76.49082000"},
{"state":"Saint Thomas Parish","name":"Johns Town","lat":"17.89659000","lon":"-76.36136000"},
{"state":"Saint Thomas Parish","name":"Johnson Mountain","lat":"17.98091000","lon":"-76.31986000"},
{"state":"Saint Thomas Parish","name":"Jones Pen","lat":"17.95068000","lon":"-76.54775000"},
{"state":"Saint Thomas Parish","name":"Leith Hall","lat":"17.87973000","lon":"-76.34331000"},
{"state":"Saint Thomas Parish","name":"Llandewey","lat":"17.94477000","lon":"-76.62245000"},
{"state":"Saint Thomas Parish","name":"Lloyds","lat":"17.91504000","lon":"-76.54085000"},
{"state":"Saint Thomas Parish","name":"Lyssons","lat":"17.88708000","lon":"-76.37961000"},
{"state":"Saint Thomas Parish","name":"Middleton","lat":"17.93971000","lon":"-76.43558000"},
{"state":"Saint Thomas Parish","name":"Morant Bay","lat":"17.88145000","lon":"-76.40927000"},
{"state":"Saint Thomas Parish","name":"Mount Lebanus","lat":"17.97544000","lon":"-76.53891000"},
{"state":"Saint Thomas Parish","name":"New Monkland","lat":"17.99158000","lon":"-76.57333000"},
{"state":"Saint Thomas Parish","name":"Pamphret","lat":"17.87570000","lon":"-76.51736000"},
{"state":"Saint Thomas Parish","name":"Pear Tree","lat":"17.91162000","lon":"-76.31676000"},
{"state":"Saint Thomas Parish","name":"Poormans Corner","lat":"17.89152000","lon":"-76.58351000"},
{"state":"Saint Thomas Parish","name":"Port Morant","lat":"17.89947000","lon":"-76.34286000"},
{"state":"Saint Thomas Parish","name":"Prospect","lat":"17.87404000","lon":"-76.34956000"},
{"state":"Saint Thomas Parish","name":"Ramble","lat":"17.96791000","lon":"-76.62630000"},
{"state":"Saint Thomas Parish","name":"Retreat","lat":"17.87760000","lon":"-76.36795000"},
{"state":"Saint Thomas Parish","name":"Richmond Vale","lat":"17.97435000","lon":"-76.59044000"},
{"state":"Saint Thomas Parish","name":"River Head","lat":"17.99237000","lon":"-76.61082000"},
{"state":"Saint Thomas Parish","name":"Rowlandsfield","lat":"17.97355000","lon":"-76.28781000"},
{"state":"Saint Thomas Parish","name":"Seaforth","lat":"17.94421000","lon":"-76.45661000"},
{"state":"Saint Thomas Parish","name":"Somerset","lat":"18.00976000","lon":"-76.54595000"},
{"state":"Saint Thomas Parish","name":"Spring Bank","lat":"17.95995000","lon":"-76.32596000"},
{"state":"Saint Thomas Parish","name":"Spring Garden","lat":"17.91749000","lon":"-76.42978000"},
{"state":"Saint Thomas Parish","name":"Sunning Hill","lat":"17.95612000","lon":"-76.40931000"},
{"state":"Saint Thomas Parish","name":"Trinity Ville","lat":"17.96076000","lon":"-76.51427000"},
{"state":"Saint Thomas Parish","name":"Trinityville","lat":"17.95720000","lon":"-76.49420000"},
{"state":"Saint Thomas Parish","name":"Wheelerfield","lat":"17.95874000","lon":"-76.29623000"},
{"state":"Saint Thomas Parish","name":"White Hall","lat":"17.99805000","lon":"-76.43105000"},
{"state":"Saint Thomas Parish","name":"White Horses","lat":"17.89620000","lon":"-76.47076000"},
{"state":"Saint Thomas Parish","name":"Wilmington","lat":"17.92856000","lon":"-76.38962000"},
{"state":"Saint Thomas Parish","name":"Winchester","lat":"17.94177000","lon":"-76.29823000"},
{"state":"Saint Thomas Parish","name":"Yallahs","lat":"17.87480000","lon":"-76.56245000"},
{"state":"Saint Thomas Parish","name":"York","lat":"17.92849000","lon":"-76.43983000"},
{"state":"Trelawny Parish","name":"Albert Town","lat":"18.29434000","lon":"-77.54239000"},
{"state":"Trelawny Parish","name":"Alps","lat":"18.35498000","lon":"-77.50897000"},
{"state":"Trelawny Parish","name":"Bounty Hall","lat":"18.45801000","lon":"-77.71663000"},
{"state":"Trelawny Parish","name":"Brampton","lat":"18.44262000","lon":"-77.46424000"},
{"state":"Trelawny Parish","name":"Bunkers Hill","lat":"18.36198000","lon":"-77.68612000"},
{"state":"Trelawny Parish","name":"Clarks Town","lat":"18.42244000","lon":"-77.53328000"},
{"state":"Trelawny Parish","name":"Daniel Town","lat":"18.46395000","lon":"-77.61592000"},
{"state":"Trelawny Parish","name":"Deeside","lat":"18.35976000","lon":"-77.73721000"},
{"state":"Trelawny Parish","name":"Duanvale","lat":"18.40267000","lon":"-77.59615000"},
{"state":"Trelawny Parish","name":"Duncans","lat":"18.46800000","lon":"-77.53633000"},
{"state":"Trelawny Parish","name":"Falmouth","lat":"18.49358000","lon":"-77.65587000"},
{"state":"Trelawny Parish","name":"Freemans Hall","lat":"18.28384000","lon":"-77.50180000"},
{"state":"Trelawny Parish","name":"Granville","lat":"18.45053000","lon":"-77.68847000"},
{"state":"Trelawny Parish","name":"Hampden","lat":"18.44217000","lon":"-77.73203000"},
{"state":"Trelawny Parish","name":"Jackson Town","lat":"18.41781000","lon":"-77.48458000"},
{"state":"Trelawny Parish","name":"Joe Hut","lat":"18.26742000","lon":"-77.49616000"},
{"state":"Trelawny Parish","name":"Kinloss","lat":"18.39641000","lon":"-77.56968000"},
{"state":"Trelawny Parish","name":"Lorrimers","lat":"18.23026000","lon":"-77.49207000"},
{"state":"Trelawny Parish","name":"Martha Brae","lat":"18.46960000","lon":"-77.65909000"},
{"state":"Trelawny Parish","name":"Perth Town","lat":"18.43106000","lon":"-77.62583000"},
{"state":"Trelawny Parish","name":"Refuge","lat":"18.45101000","lon":"-77.57751000"},
{"state":"Trelawny Parish","name":"Rio Bueno","lat":"18.46406000","lon":"-77.48042000"},
{"state":"Trelawny Parish","name":"Salt Marsh","lat":"18.48423000","lon":"-77.71184000"},
{"state":"Trelawny Parish","name":"Samuels Prospect","lat":"18.45103000","lon":"-77.51440000"},
{"state":"Trelawny Parish","name":"Sawyers","lat":"18.37880000","lon":"-77.49689000"},
{"state":"Trelawny Parish","name":"Sherwood Content","lat":"18.38227000","lon":"-77.63643000"},
{"state":"Trelawny Parish","name":"Spicy Hill","lat":"18.45763000","lon":"-77.54751000"},
{"state":"Trelawny Parish","name":"Spring Garden","lat":"18.29368000","lon":"-77.56698000"},
{"state":"Trelawny Parish","name":"St. Vincent","lat":"18.33424000","lon":"-77.54790000"},
{"state":"Trelawny Parish","name":"Stettin","lat":"18.28224000","lon":"-77.54095000"},
{"state":"Trelawny Parish","name":"Stewart Town","lat":"18.39887000","lon":"-77.45187000"},
{"state":"Trelawny Parish","name":"Troy","lat":"18.24924000","lon":"-77.60978000"},
{"state":"Trelawny Parish","name":"Ulster Spring","lat":"18.32113000","lon":"-77.49681000"},
{"state":"Trelawny Parish","name":"Wait-A-Bit","lat":"18.25332000","lon":"-77.50837000"},
{"state":"Trelawny Parish","name":"Wakefield","lat":"18.41460000","lon":"-77.70908000"},
{"state":"Trelawny Parish","name":"Warsop","lat":"18.26178000","lon":"-77.56774000"},
{"state":"Trelawny Parish","name":"Wilson's Run","lat":"18.28468000","lon":"-77.69323000"},
{"state":"Trelawny Parish","name":"Wirefence","lat":"18.25310000","lon":"-77.53276000"},
{"state":"Westmoreland Parish","name":"12th Street","lat":"18.21097000","lon":"-78.13603000"},
{"state":"Westmoreland Parish","name":"Amity","lat":"18.27361000","lon":"-77.89805000"},
{"state":"Westmoreland Parish","name":"Ashton","lat":"18.23139000","lon":"-77.92074000"},
{"state":"Westmoreland Parish","name":"Barneyside","lat":"18.27670000","lon":"-77.96964000"},
{"state":"Westmoreland Parish","name":"Bath","lat":"18.25734000","lon":"-78.11751000"},
{"state":"Westmoreland Parish","name":"Bath Mountain","lat":"18.34428000","lon":"-78.09928000"},
{"state":"Westmoreland Parish","name":"Beaufort","lat":"18.23417000","lon":"-77.95007000"},
{"state":"Westmoreland Parish","name":"Beeston Spring","lat":"18.16012000","lon":"-77.97545000"},
{"state":"Westmoreland Parish","name":"Belvedere","lat":"18.25219000","lon":"-77.93208000"},
{"state":"Westmoreland Parish","name":"Berkshire","lat":"18.21293000","lon":"-77.90373000"},
{"state":"Westmoreland Parish","name":"Bethel Town","lat":"18.29503000","lon":"-77.95112000"},
{"state":"Westmoreland Parish","name":"Big Bridge","lat":"18.23318000","lon":"-78.16717000"},
{"state":"Westmoreland Parish","name":"Bluefields","lat":"18.16602000","lon":"-78.02702000"},
{"state":"Westmoreland Parish","name":"Bog","lat":"18.15631000","lon":"-77.94364000"},
{"state":"Westmoreland Parish","name":"Broughton","lat":"18.21747000","lon":"-78.22894000"},
{"state":"Westmoreland Parish","name":"Burnt Savannah","lat":"18.31676000","lon":"-78.12628000"},
{"state":"Westmoreland Parish","name":"Cairn Curran","lat":"18.22840000","lon":"-78.01130000"},
{"state":"Westmoreland Parish","name":"Caledonia","lat":"18.25866000","lon":"-78.01173000"},
{"state":"Westmoreland Parish","name":"Carmel","lat":"18.17326000","lon":"-77.93929000"},
{"state":"Westmoreland Parish","name":"Cave","lat":"18.21019000","lon":"-78.04070000"},
{"state":"Westmoreland Parish","name":"Chantilly","lat":"18.23059000","lon":"-78.12462000"},
{"state":"Westmoreland Parish","name":"Content","lat":"18.18288000","lon":"-77.99915000"},
{"state":"Westmoreland Parish","name":"Cornwall Mountian","lat":"18.28722000","lon":"-77.98674000"},
{"state":"Westmoreland Parish","name":"Darliston","lat":"18.23731000","lon":"-77.97626000"},
{"state":"Westmoreland Parish","name":"Delveland","lat":"18.29709000","lon":"-78.23962000"},
{"state":"Westmoreland Parish","name":"Dillion Bigwoods","lat":"18.20944000","lon":"-77.99078000"},
{"state":"Westmoreland Parish","name":"Dundee","lat":"18.23679000","lon":"-77.88698000"},
{"state":"Westmoreland Parish","name":"Enfield","lat":"18.21404000","lon":"-77.95270000"},
{"state":"Westmoreland Parish","name":"Ferris","lat":"18.22265000","lon":"-78.05588000"},
{"state":"Westmoreland Parish","name":"Fort Williams","lat":"18.29834000","lon":"-78.06331000"},
{"state":"Westmoreland Parish","name":"Frome","lat":"18.27974000","lon":"-78.14903000"},
{"state":"Westmoreland Parish","name":"Fullersfield","lat":"18.29890000","lon":"-78.19976000"},
{"state":"Westmoreland Parish","name":"Georges Plain","lat":"18.27650000","lon":"-78.13118000"},
{"state":"Westmoreland Parish","name":"Gooden's River","lat":"18.24223000","lon":"-78.12840000"},
{"state":"Westmoreland Parish","name":"Grange","lat":"18.33161000","lon":"-78.08036000"},
{"state":"Westmoreland Parish","name":"Grange Hill","lat":"18.33083000","lon":"-78.18398000"},
{"state":"Westmoreland Parish","name":"Haddo","lat":"18.28606000","lon":"-78.01893000"},
{"state":"Westmoreland Parish","name":"Harmony Town","lat":"18.21987000","lon":"-78.13687000"},
{"state":"Westmoreland Parish","name":"Hertford","lat":"18.27181000","lon":"-78.09078000"},
{"state":"Westmoreland Parish","name":"Jerusalem","lat":"18.32458000","lon":"-78.21563000"},
{"state":"Westmoreland Parish","name":"Kentucky","lat":"18.19931000","lon":"-78.01767000"},
{"state":"Westmoreland Parish","name":"Kilmarnoch","lat":"18.12407000","lon":"-77.92774000"},
{"state":"Westmoreland Parish","name":"Lambs River","lat":"18.26823000","lon":"-77.91414000"},
{"state":"Westmoreland Parish","name":"Leamington","lat":"18.21352000","lon":"-77.92743000"},
{"state":"Westmoreland Parish","name":"Lenox Bigwoods","lat":"18.21392000","lon":"-77.97214000"},
{"state":"Westmoreland Parish","name":"Little London","lat":"18.24523000","lon":"-78.22653000"},
{"state":"Westmoreland Parish","name":"Llandilo","lat":"18.23439000","lon":"-78.13895000"},
{"state":"Westmoreland Parish","name":"Mackfield","lat":"18.31163000","lon":"-78.02471000"},
{"state":"Westmoreland Parish","name":"Mearnsville","lat":"18.18856000","lon":"-78.02870000"},
{"state":"Westmoreland Parish","name":"Mount Airy","lat":"18.24738000","lon":"-78.32279000"},
{"state":"Westmoreland Parish","name":"Mount Stewart","lat":"18.30411000","lon":"-77.99274000"},
{"state":"Westmoreland Parish","name":"Negril","lat":"18.26844000","lon":"-78.34810000"},
{"state":"Westmoreland Parish","name":"New Market Oval","lat":"18.21370000","lon":"-78.13813000"},
{"state":"Westmoreland Parish","name":"New Roads","lat":"18.19124000","lon":"-77.93608000"},
{"state":"Westmoreland Parish","name":"New Works","lat":"18.17248000","lon":"-77.96645000"},
{"state":"Westmoreland Parish","name":"Orange Hill","lat":"18.23418000","lon":"-78.30277000"},
{"state":"Westmoreland Parish","name":"Paul Island","lat":"18.27200000","lon":"-78.18614000"},
{"state":"Westmoreland Parish","name":"Petersfield","lat":"18.26588000","lon":"-78.05755000"},
{"state":"Westmoreland Parish","name":"Petersville","lat":"18.13700000","lon":"-77.95046000"},
{"state":"Westmoreland Parish","name":"Porters Mountain","lat":"18.32909000","lon":"-78.04910000"},
{"state":"Westmoreland Parish","name":"Red Hills","lat":"18.30550000","lon":"-78.11280000"},
{"state":"Westmoreland Parish","name":"Revival","lat":"18.24255000","lon":"-78.28437000"},
{"state":"Westmoreland Parish","name":"Roaring River","lat":"18.30118000","lon":"-78.04324000"},
{"state":"Westmoreland Parish","name":"Russia","lat":"18.21649000","lon":"-78.12361000"},
{"state":"Westmoreland Parish","name":"Savanna-la-Mar","lat":"18.21895000","lon":"-78.13320000"},
{"state":"Westmoreland Parish","name":"Savannah-la-mar Business Dist.","lat":"18.21962000","lon":"-78.13034000"},
{"state":"Westmoreland Parish","name":"Seaford Town","lat":"18.24339000","lon":"-77.90504000"},
{"state":"Westmoreland Parish","name":"Seaton Crescent","lat":"18.21675000","lon":"-78.13603000"},
{"state":"Westmoreland Parish","name":"Shefield","lat":"18.28412000","lon":"-78.29169000"},
{"state":"Westmoreland Parish","name":"Shoalin Grotto","lat":"18.22059000","lon":"-78.14019000"},
{"state":"Westmoreland Parish","name":"Smithfield","lat":"18.22275000","lon":"-78.08785000"},
{"state":"Westmoreland Parish","name":"St. Leonards","lat":"18.25533000","lon":"-77.88889000"},
{"state":"Westmoreland Parish","name":"Strathbogie","lat":"18.23855000","lon":"-78.11714000"},
{"state":"Westmoreland Parish","name":"Strawberry","lat":"18.30676000","lon":"-78.08945000"},
{"state":"Westmoreland Parish","name":"Struie","lat":"18.25317000","lon":"-77.95656000"},
{"state":"Westmoreland Parish","name":"Three Mile River","lat":"18.25706000","lon":"-78.14275000"},
{"state":"Westmoreland Parish","name":"Town Head","lat":"18.33898000","lon":"-78.13569000"},
{"state":"Westmoreland Parish","name":"Truro","lat":"18.31301000","lon":"-78.15489000"},
{"state":"Westmoreland Parish","name":"Water Works","lat":"18.23319000","lon":"-78.04296000"},
{"state":"Westmoreland Parish","name":"Whitehouse","lat":"18.10275000","lon":"-77.95697000"},
{"state":"Westmoreland Parish","name":"Whithorn","lat":"18.27111000","lon":"-78.03811000"},
{"state":"Westmoreland Parish","name":"Williamsfield","lat":"18.33393000","lon":"-78.06957000"}]