[{"state":"Eastern Cape","name":"Adelaide","lat":"-32.70747000","lon":"26.29564000"},
{"state":"Eastern Cape","name":"Alfred Nzo District Municipality","lat":"-30.66803000","lon":"29.15490000"},
{"state":"Eastern Cape","name":"Alice","lat":"-32.78749000","lon":"26.83440000"},
{"state":"Eastern Cape","name":"Aliwal North","lat":"-30.69366000","lon":"26.71141000"},
{"state":"Eastern Cape","name":"Amathole District Municipality","lat":"-32.55895000","lon":"27.45919000"},
{"state":"Eastern Cape","name":"Bhisho","lat":"-32.84721000","lon":"27.44218000"},
{"state":"Eastern Cape","name":"Buffalo City Metropolitan Municipality","lat":"-32.95141000","lon":"27.61164000"},
{"state":"Eastern Cape","name":"Burgersdorp","lat":"-30.99766000","lon":"26.32862000"},
{"state":"Eastern Cape","name":"Butterworth","lat":"-32.33083000","lon":"28.14981000"},
{"state":"Eastern Cape","name":"Cacadu District Municipality","lat":"-33.06583000","lon":"24.77583000"},
{"state":"Eastern Cape","name":"Chris Hani District Municipality","lat":"-31.79033000","lon":"26.43965000"},
{"state":"Eastern Cape","name":"Cradock","lat":"-32.16422000","lon":"25.61918000"},
{"state":"Eastern Cape","name":"Dordrecht","lat":"-31.37200000","lon":"27.04878000"},
{"state":"Eastern Cape","name":"East London","lat":"-33.01529000","lon":"27.91162000"},
{"state":"Eastern Cape","name":"Elliot","lat":"-31.33333000","lon":"27.85000000"},
{"state":"Eastern Cape","name":"Fort Beaufort","lat":"-32.77477000","lon":"26.63376000"},
{"state":"Eastern Cape","name":"Graaff-Reinet","lat":"-32.25215000","lon":"24.53075000"},
{"state":"Eastern Cape","name":"Grahamstown","lat":"-33.30422000","lon":"26.53276000"},
{"state":"Eastern Cape","name":"Ilinge","lat":"-31.97676000","lon":"27.04267000"},
{"state":"Eastern Cape","name":"Joe Gqabi District Municipality","lat":"-30.94178000","lon":"27.06053000"},
{"state":"Eastern Cape","name":"Kirkwood","lat":"-33.39829000","lon":"25.44279000"},
{"state":"Eastern Cape","name":"Kruisfontein","lat":"-34.00333000","lon":"24.73142000"},
{"state":"Eastern Cape","name":"Lady Frere","lat":"-31.70312000","lon":"27.23290000"},
{"state":"Eastern Cape","name":"Middelburg","lat":"-31.49285000","lon":"25.00633000"},
{"state":"Eastern Cape","name":"Molteno","lat":"-31.39675000","lon":"26.36246000"},
{"state":"Eastern Cape","name":"Mthatha","lat":"-31.58893000","lon":"28.78443000"},
{"state":"Eastern Cape","name":"Nelson Mandela Bay Metropolitan Municipality","lat":"-33.80399000","lon":"25.49213000"},
{"state":"Eastern Cape","name":"OR Tambo District Municipality","lat":"-31.46740000","lon":"29.05247000"},
{"state":"Eastern Cape","name":"Port Alfred","lat":"-33.58601000","lon":"26.88329000"},
{"state":"Eastern Cape","name":"Port Elizabeth","lat":"-33.96109000","lon":"25.61494000"},
{"state":"Eastern Cape","name":"Port Saint John’s","lat":"-31.62291000","lon":"29.54477000"},
{"state":"Eastern Cape","name":"Queensdale","lat":"-31.87101000","lon":"26.97862000"},
{"state":"Eastern Cape","name":"Queenstown","lat":"-31.89756000","lon":"26.87533000"},
{"state":"Eastern Cape","name":"Somerset East","lat":"-32.72173000","lon":"25.58804000"},
{"state":"Eastern Cape","name":"Stutterheim","lat":"-32.57076000","lon":"27.42396000"},
{"state":"Eastern Cape","name":"Uitenhage","lat":"-33.75757000","lon":"25.39710000"},
{"state":"Eastern Cape","name":"Whittlesea","lat":"-32.17588000","lon":"26.82437000"},
{"state":"Eastern Cape","name":"Willowmore","lat":"-33.29265000","lon":"23.48954000"},
{"state":"Free State","name":"Allanridge","lat":"-27.75431000","lon":"26.64382000"},
{"state":"Free State","name":"Bethlehem","lat":"-28.23078000","lon":"28.30707000"},
{"state":"Free State","name":"Bloemfontein","lat":"-29.12107000","lon":"26.21400000"},
{"state":"Free State","name":"Bothaville","lat":"-27.38870000","lon":"26.61701000"},
{"state":"Free State","name":"Botshabelo","lat":"-29.26737000","lon":"26.72595000"},
{"state":"Free State","name":"Brandfort","lat":"-28.70008000","lon":"26.45968000"},
{"state":"Free State","name":"Clocolan","lat":"-28.91367000","lon":"27.56555000"},
{"state":"Free State","name":"Deneysville","lat":"-26.89080000","lon":"28.09707000"},
{"state":"Free State","name":"Fezile Dabi District Municipality","lat":"-27.33918000","lon":"27.71927000"},
{"state":"Free State","name":"Frankfort","lat":"-27.27888000","lon":"28.49696000"},
{"state":"Free State","name":"Harrismith","lat":"-28.27276000","lon":"29.12946000"},
{"state":"Free State","name":"Heilbron","lat":"-27.28115000","lon":"27.97090000"},
{"state":"Free State","name":"Hennenman","lat":"-27.97654000","lon":"27.02423000"},
{"state":"Free State","name":"Hoopstad","lat":"-27.83273000","lon":"25.90833000"},
{"state":"Free State","name":"Koppies","lat":"-27.24179000","lon":"27.57422000"},
{"state":"Free State","name":"Kroonstad","lat":"-27.65036000","lon":"27.23488000"},
{"state":"Free State","name":"Kutloanong","lat":"-27.83333000","lon":"26.75000000"},
{"state":"Free State","name":"Ladybrand","lat":"-29.19448000","lon":"27.45739000"},
{"state":"Free State","name":"Lejweleputswa District Municipality","lat":"-28.23982000","lon":"26.12649000"},
{"state":"Free State","name":"Lindley","lat":"-27.87910000","lon":"27.91348000"},
{"state":"Free State","name":"Mangaung Metropolitan Municipality","lat":"-29.15627000","lon":"26.35116000"},
{"state":"Free State","name":"Marquard","lat":"-28.66449000","lon":"27.43048000"},
{"state":"Free State","name":"Parys","lat":"-26.90330000","lon":"27.45727000"},
{"state":"Free State","name":"Phuthaditjhaba","lat":"-28.52423000","lon":"28.81582000"},
{"state":"Free State","name":"Reitz","lat":"-27.80138000","lon":"28.42726000"},
{"state":"Free State","name":"Sasolburg","lat":"-26.81358000","lon":"27.81695000"},
{"state":"Free State","name":"Senekal","lat":"-28.31971000","lon":"27.62082000"},
{"state":"Free State","name":"Thaba Nchu","lat":"-29.20932000","lon":"26.83898000"},
{"state":"Free State","name":"Thabo Mofutsanyana District Municipality","lat":"-28.24378000","lon":"28.34077000"},
{"state":"Free State","name":"Theunissen","lat":"-28.41098000","lon":"26.70107000"},
{"state":"Free State","name":"Ventersburg","lat":"-28.08561000","lon":"27.13814000"},
{"state":"Free State","name":"Viljoenskroon","lat":"-27.20841000","lon":"26.94855000"},
{"state":"Free State","name":"Villiers","lat":"-27.03026000","lon":"28.60061000"},
{"state":"Free State","name":"Virginia","lat":"-28.10391000","lon":"26.86593000"},
{"state":"Free State","name":"Vrede","lat":"-27.42573000","lon":"29.16585000"},
{"state":"Free State","name":"Vredefort","lat":"-27.00805000","lon":"27.36460000"},
{"state":"Free State","name":"Welkom","lat":"-27.97742000","lon":"26.73506000"},
{"state":"Free State","name":"Wesselsbron","lat":"-27.85490000","lon":"26.36583000"},
{"state":"Free State","name":"Winburg","lat":"-28.51805000","lon":"27.00933000"},
{"state":"Free State","name":"Xhariep District Municipality","lat":"-29.84311000","lon":"25.83286000"},
{"state":"Free State","name":"Zastron","lat":"-30.30225000","lon":"27.08395000"},
{"state":"Gauteng","name":"Alberton","lat":"-26.26786000","lon":"28.12225000"},
{"state":"Gauteng","name":"Benoni","lat":"-26.18848000","lon":"28.32078000"},
{"state":"Gauteng","name":"Boksburg","lat":"-26.21197000","lon":"28.25958000"},
{"state":"Gauteng","name":"Brakpan","lat":"-26.23656000","lon":"28.36938000"},
{"state":"Gauteng","name":"Bronkhorstspruit","lat":"-25.81015000","lon":"28.74248000"},
{"state":"Gauteng","name":"Carletonville","lat":"-26.36094000","lon":"27.39767000"},
{"state":"Gauteng","name":"Centurion","lat":"-25.85891000","lon":"28.18577000"},
{"state":"Gauteng","name":"City of Johannesburg Metropolitan Municipality","lat":"-26.17673000","lon":"27.96353000"},
{"state":"Gauteng","name":"City of Tshwane Metropolitan Municipality","lat":"-25.65985000","lon":"28.44343000"},
{"state":"Gauteng","name":"Cullinan","lat":"-25.67088000","lon":"28.52364000"},
{"state":"Gauteng","name":"Diepsloot","lat":"-25.93312000","lon":"28.01213000"},
{"state":"Gauteng","name":"Eastleigh","lat":"-26.12965000","lon":"28.15541000"},
{"state":"Gauteng","name":"Eden Glen","lat":"-26.13230000","lon":"28.16859000"},
{"state":"Gauteng","name":"Eden Glen Ext 60","lat":"-26.12593000","lon":"28.16500000"},
{"state":"Gauteng","name":"Edenvale","lat":"-26.14095000","lon":"28.15247000"},
{"state":"Gauteng","name":"Ekangala","lat":"-25.69619000","lon":"28.74918000"},
{"state":"Gauteng","name":"Ekurhuleni Metropolitan Municipality","lat":"-26.19890000","lon":"28.31262000"},
{"state":"Gauteng","name":"Heidelberg","lat":"-26.50476000","lon":"28.35921000"},
{"state":"Gauteng","name":"Johannesburg","lat":"-26.20227000","lon":"28.04363000"},
{"state":"Gauteng","name":"Krugersdorp","lat":"-26.08577000","lon":"27.77515000"},
{"state":"Gauteng","name":"Mabopane","lat":"-25.49768000","lon":"28.10065000"},
{"state":"Gauteng","name":"Midrand","lat":"-25.98953000","lon":"28.12843000"},
{"state":"Gauteng","name":"Midstream","lat":"-25.91849000","lon":"28.19881000"},
{"state":"Gauteng","name":"Modderfontein","lat":"-26.08909000","lon":"28.16534000"},
{"state":"Gauteng","name":"Muldersdriseloop","lat":"-26.03673000","lon":"27.83798000"},
{"state":"Gauteng","name":"Nigel","lat":"-26.43138000","lon":"28.47713000"},
{"state":"Gauteng","name":"Orange Farm","lat":"-26.48333000","lon":"27.86667000"},
{"state":"Gauteng","name":"Pretoria","lat":"-25.74486000","lon":"28.18783000"},
{"state":"Gauteng","name":"Randburg","lat":"-26.09410000","lon":"28.00123000"},
{"state":"Gauteng","name":"Randfontein","lat":"-26.18440000","lon":"27.70203000"},
{"state":"Gauteng","name":"Roodepoort","lat":"-26.16250000","lon":"27.87250000"},
{"state":"Gauteng","name":"Sedibeng District Municipality","lat":"-26.56686000","lon":"28.18277000"},
{"state":"Gauteng","name":"Soweto","lat":"-26.26781000","lon":"27.85849000"},
{"state":"Gauteng","name":"Springs","lat":"-26.25000000","lon":"28.40000000"},
{"state":"Gauteng","name":"Tembisa","lat":"-25.99636000","lon":"28.22680000"},
{"state":"Gauteng","name":"Vanderbijlpark","lat":"-26.71171000","lon":"27.83795000"},
{"state":"Gauteng","name":"Vereeniging","lat":"-26.67313000","lon":"27.92615000"},
{"state":"Gauteng","name":"West Rand District Municipality","lat":"-26.24565000","lon":"27.55538000"},
{"state":"Gauteng","name":"Westonaria","lat":"-26.31905000","lon":"27.64860000"},
{"state":"KwaZulu-Natal","name":"Amajuba District Municipality","lat":"-27.73558000","lon":"30.13537000"},
{"state":"KwaZulu-Natal","name":"Ballito","lat":"-29.53897000","lon":"31.21439000"},
{"state":"KwaZulu-Natal","name":"Berea","lat":"-29.85185000","lon":"30.99337000"},
{"state":"KwaZulu-Natal","name":"Dundee","lat":"-28.16678000","lon":"30.23371000"},
{"state":"KwaZulu-Natal","name":"Durban","lat":"-29.85790000","lon":"31.02920000"},
{"state":"KwaZulu-Natal","name":"Ekuvukeni","lat":"-28.46752000","lon":"30.15513000"},
{"state":"KwaZulu-Natal","name":"eMkhomazi","lat":"-30.20674000","lon":"30.79776000"},
{"state":"KwaZulu-Natal","name":"Empangeni","lat":"-28.76197000","lon":"31.89329000"},
{"state":"KwaZulu-Natal","name":"Eshowe","lat":"-28.88649000","lon":"31.46990000"},
{"state":"KwaZulu-Natal","name":"eSikhaleni","lat":"-28.87097000","lon":"31.89961000"},
{"state":"KwaZulu-Natal","name":"eThekwini Metropolitan Municipality","lat":"-29.86670000","lon":"31.01670000"},
{"state":"KwaZulu-Natal","name":"Glencoe","lat":"-28.17827000","lon":"30.14702000"},
{"state":"KwaZulu-Natal","name":"Greytown","lat":"-29.06415000","lon":"30.59279000"},
{"state":"KwaZulu-Natal","name":"Hluhluwe","lat":"-28.01895000","lon":"32.26762000"},
{"state":"KwaZulu-Natal","name":"Howick","lat":"-29.47795000","lon":"30.23057000"},
{"state":"KwaZulu-Natal","name":"iLembe District Municipality","lat":"-29.27326000","lon":"31.14253000"},
{"state":"KwaZulu-Natal","name":"Kokstad","lat":"-30.54723000","lon":"29.42412000"},
{"state":"KwaZulu-Natal","name":"KwaDukuza","lat":"-29.32816000","lon":"31.28954000"},
{"state":"KwaZulu-Natal","name":"Margate","lat":"-30.86360000","lon":"30.37052000"},
{"state":"KwaZulu-Natal","name":"Mondlo","lat":"-27.98299000","lon":"30.71769000"},
{"state":"KwaZulu-Natal","name":"Mooirivier","lat":"-29.20824000","lon":"29.99460000"},
{"state":"KwaZulu-Natal","name":"Mpophomeni","lat":"-29.56822000","lon":"30.18618000"},
{"state":"KwaZulu-Natal","name":"Mpumalanga","lat":"-29.81292000","lon":"30.63646000"},
{"state":"KwaZulu-Natal","name":"Mtubatuba","lat":"-28.41789000","lon":"32.18483000"},
{"state":"KwaZulu-Natal","name":"Ndwedwe","lat":"-29.51686000","lon":"30.92687000"},
{"state":"KwaZulu-Natal","name":"Newcastle","lat":"-27.75796000","lon":"29.93180000"},
{"state":"KwaZulu-Natal","name":"Pietermaritzburg","lat":"-29.61679000","lon":"30.39278000"},
{"state":"KwaZulu-Natal","name":"Port Shepstone","lat":"-30.74137000","lon":"30.45499000"},
{"state":"KwaZulu-Natal","name":"Richards Bay","lat":"-28.78301000","lon":"32.03768000"},
{"state":"KwaZulu-Natal","name":"Richmond","lat":"-29.87196000","lon":"30.27235000"},
{"state":"KwaZulu-Natal","name":"Scottburgh","lat":"-30.28666000","lon":"30.75316000"},
{"state":"KwaZulu-Natal","name":"Sisonke District Municipality","lat":"-30.11082000","lon":"29.66009000"},
{"state":"KwaZulu-Natal","name":"Sundumbili","lat":"-29.13371000","lon":"31.39752000"},
{"state":"KwaZulu-Natal","name":"Ugu District Municipality","lat":"-30.54365000","lon":"30.27480000"},
{"state":"KwaZulu-Natal","name":"Ulundi","lat":"-28.33523000","lon":"31.41617000"},
{"state":"KwaZulu-Natal","name":"uMgungundlovu District Municipality","lat":"-29.50927000","lon":"30.19838000"},
{"state":"KwaZulu-Natal","name":"uMkhanyakude District Municipality","lat":"-27.62236000","lon":"32.32945000"},
{"state":"KwaZulu-Natal","name":"uMzinyathi District Municipality","lat":"-28.58570000","lon":"30.55883000"},
{"state":"KwaZulu-Natal","name":"uThukela District Municipality","lat":"-28.71920000","lon":"29.65799000"},
{"state":"KwaZulu-Natal","name":"uThungulu District Municipality","lat":"-28.70046000","lon":"31.51527000"},
{"state":"KwaZulu-Natal","name":"Utrecht","lat":"-27.65862000","lon":"30.32166000"},
{"state":"KwaZulu-Natal","name":"Vryheid","lat":"-27.76952000","lon":"30.79165000"},
{"state":"KwaZulu-Natal","name":"Zululand District Municipality","lat":"-27.81139000","lon":"31.29426000"},
{"state":"Limpopo","name":"Bochum","lat":"-23.28609000","lon":"29.13964000"},
{"state":"Limpopo","name":"Capricorn District Municipality","lat":"-23.48163000","lon":"29.18350000"},
{"state":"Limpopo","name":"Duiwelskloof","lat":"-23.69339000","lon":"30.14002000"},
{"state":"Limpopo","name":"Ga-Kgapane","lat":"-23.64378000","lon":"30.22324000"},
{"state":"Limpopo","name":"Giyani","lat":"-23.30246000","lon":"30.71868000"},
{"state":"Limpopo","name":"Lebowakgomo","lat":"-24.20000000","lon":"29.50000000"},
{"state":"Limpopo","name":"Louis Trichardt","lat":"-23.04385000","lon":"29.90319000"},
{"state":"Limpopo","name":"Mankoeng","lat":"-23.90000000","lon":"29.81667000"},
{"state":"Limpopo","name":"Modimolle","lat":"-24.70000000","lon":"28.40000000"},
{"state":"Limpopo","name":"Mokopane","lat":"-24.19436000","lon":"29.00974000"},
{"state":"Limpopo","name":"Mopani District Municipality","lat":"-23.76661000","lon":"30.83600000"},
{"state":"Limpopo","name":"Musina","lat":"-22.34881000","lon":"30.04074000"},
{"state":"Limpopo","name":"Nkowakowa","lat":"-23.88782000","lon":"30.28708000"},
{"state":"Limpopo","name":"Phalaborwa","lat":"-23.94299000","lon":"31.14107000"},
{"state":"Limpopo","name":"Polokwane","lat":"-23.90449000","lon":"29.46885000"},
{"state":"Limpopo","name":"Sekhukhune District Municipality","lat":"-24.82806000","lon":"29.83803000"},
{"state":"Limpopo","name":"Thabazimbi","lat":"-24.59165000","lon":"27.41155000"},
{"state":"Limpopo","name":"Thohoyandou","lat":"-22.94564000","lon":"30.48497000"},
{"state":"Limpopo","name":"Thulamahashi","lat":"-24.72459000","lon":"31.19939000"},
{"state":"Limpopo","name":"Tzaneen","lat":"-23.83322000","lon":"30.16351000"},
{"state":"Limpopo","name":"Vhembe District Municipality","lat":"-22.75467000","lon":"30.19360000"},
{"state":"Limpopo","name":"Warmbaths","lat":"-24.88333000","lon":"28.28333000"},
{"state":"Limpopo","name":"Waterberg District Municipality","lat":"-24.20514000","lon":"27.97870000"},
{"state":"Mpumalanga","name":"Balfour","lat":"-26.66331000","lon":"28.59016000"},
{"state":"Mpumalanga","name":"Barberton","lat":"-25.78842000","lon":"31.05319000"},
{"state":"Mpumalanga","name":"Belfast","lat":"-25.68991000","lon":"30.03504000"},
{"state":"Mpumalanga","name":"Bethal","lat":"-26.45794000","lon":"29.46553000"},
{"state":"Mpumalanga","name":"Breyten","lat":"-26.30176000","lon":"29.98696000"},
{"state":"Mpumalanga","name":"Carolina","lat":"-26.06927000","lon":"30.11489000"},
{"state":"Mpumalanga","name":"Delmas","lat":"-26.14660000","lon":"28.68322000"},
{"state":"Mpumalanga","name":"Driefontein","lat":"-27.01770000","lon":"30.44979000"},
{"state":"Mpumalanga","name":"Ehlanzeni District","lat":"-25.35100000","lon":"31.36100000"},
{"state":"Mpumalanga","name":"eMbalenhle","lat":"-26.53333000","lon":"29.06667000"},
{"state":"Mpumalanga","name":"Ermelo","lat":"-26.53333000","lon":"29.98333000"},
{"state":"Mpumalanga","name":"Gert Sibande District Municipality","lat":"-26.67100000","lon":"29.92953000"},
{"state":"Mpumalanga","name":"Hendrina","lat":"-26.15881000","lon":"29.71528000"},
{"state":"Mpumalanga","name":"Komatipoort","lat":"-25.43321000","lon":"31.95478000"},
{"state":"Mpumalanga","name":"Kriel","lat":"-26.27391000","lon":"29.22530000"},
{"state":"Mpumalanga","name":"Lydenburg","lat":"-25.09598000","lon":"30.44393000"},
{"state":"Mpumalanga","name":"Middelburg","lat":"-25.77507000","lon":"29.46482000"},
{"state":"Mpumalanga","name":"Nelspruit","lat":"-25.47448000","lon":"30.97033000"},
{"state":"Mpumalanga","name":"Nkangala District Municipality","lat":"-25.71222000","lon":"29.42431000"},
{"state":"Mpumalanga","name":"Piet Retief","lat":"-27.00706000","lon":"30.81323000"},
{"state":"Mpumalanga","name":"Secunda","lat":"-26.55000000","lon":"29.16667000"},
{"state":"Mpumalanga","name":"Siyabuswa","lat":"-25.11319000","lon":"29.04454000"},
{"state":"Mpumalanga","name":"Standerton","lat":"-26.93366000","lon":"29.24152000"},
{"state":"Mpumalanga","name":"Volksrust","lat":"-27.36541000","lon":"29.88175000"},
{"state":"Mpumalanga","name":"White River","lat":"-25.33177000","lon":"31.01166000"},
{"state":"Mpumalanga","name":"Witbank","lat":"-25.87133000","lon":"29.23323000"},
{"state":"North West","name":"Bloemhof","lat":"-27.64685000","lon":"25.60697000"},
{"state":"North West","name":"Bojanala Platinum District Municipality","lat":"-25.42612000","lon":"27.22430000"},
{"state":"North West","name":"Brits","lat":"-25.63473000","lon":"27.78022000"},
{"state":"North West","name":"Christiana","lat":"-27.91402000","lon":"25.16111000"},
{"state":"North West","name":"Dr Kenneth Kaunda District Municipality","lat":"-26.80678000","lon":"26.56926000"},
{"state":"North West","name":"Dr Ruth Segomotsi Mompati District Municipality","lat":"-26.63765000","lon":"24.27462000"},
{"state":"North West","name":"Fochville","lat":"-26.48862000","lon":"27.49387000"},
{"state":"North West","name":"Ga-Rankuwa","lat":"-25.61692000","lon":"27.99471000"},
{"state":"North West","name":"Jan Kempdorp","lat":"-27.92246000","lon":"24.83051000"},
{"state":"North West","name":"Klerksdorp","lat":"-26.85213000","lon":"26.66672000"},
{"state":"North West","name":"Koster","lat":"-25.86301000","lon":"26.89756000"},
{"state":"North West","name":"Lichtenburg","lat":"-26.15200000","lon":"26.15968000"},
{"state":"North West","name":"Mahikeng","lat":"-25.86522000","lon":"25.64421000"},
{"state":"North West","name":"Maile","lat":"-25.44152000","lon":"27.28165000"},
{"state":"North West","name":"Mmabatho","lat":"-25.85000000","lon":"25.63333000"},
{"state":"North West","name":"Ngaka Modiri Molema District Municipality","lat":"-25.95559000","lon":"25.80782000"},
{"state":"North West","name":"Orkney","lat":"-26.98023000","lon":"26.67272000"},
{"state":"North West","name":"Potchefstroom","lat":"-26.71667000","lon":"27.10000000"},
{"state":"North West","name":"Rustenburg","lat":"-25.66756000","lon":"27.24208000"},
{"state":"North West","name":"Schweizer-Reneke","lat":"-27.18871000","lon":"25.32931000"},
{"state":"North West","name":"Stilfontein","lat":"-26.84493000","lon":"26.76829000"},
{"state":"North West","name":"Vryburg","lat":"-26.95659000","lon":"24.72840000"},
{"state":"North West","name":"Wolmaransstad","lat":"-27.19740000","lon":"25.98311000"},
{"state":"North West","name":"Zeerust","lat":"-25.53695000","lon":"26.07512000"},
{"state":"Northern Cape","name":"Barkly West","lat":"-28.53537000","lon":"24.52151000"},
{"state":"Northern Cape","name":"Brandvlei","lat":"-30.46532000","lon":"20.48659000"},
{"state":"Northern Cape","name":"Calvinia","lat":"-31.47069000","lon":"19.77601000"},
{"state":"Northern Cape","name":"Carnarvon","lat":"-30.96827000","lon":"22.13303000"},
{"state":"Northern Cape","name":"Colesberg","lat":"-30.71999000","lon":"25.09718000"},
{"state":"Northern Cape","name":"Daniëlskuil","lat":"-28.18873000","lon":"23.53951000"},
{"state":"Northern Cape","name":"De Aar","lat":"-30.64966000","lon":"24.01230000"},
{"state":"Northern Cape","name":"Frances Baard District Municipality","lat":"-28.30003000","lon":"24.38188000"},
{"state":"Northern Cape","name":"Fraserburg","lat":"-31.91566000","lon":"21.51335000"},
{"state":"Northern Cape","name":"John Taolo Gaetsewe District Municipality","lat":"-27.04549000","lon":"23.04706000"},
{"state":"Northern Cape","name":"Kathu","lat":"-27.69569000","lon":"23.04929000"},
{"state":"Northern Cape","name":"Kenhardt","lat":"-29.34574000","lon":"21.15786000"},
{"state":"Northern Cape","name":"Kimberley","lat":"-28.73226000","lon":"24.76232000"},
{"state":"Northern Cape","name":"Kuruman","lat":"-27.45240000","lon":"23.43246000"},
{"state":"Northern Cape","name":"Namakwa District Municipality","lat":"-30.53561000","lon":"19.42892000"},
{"state":"Northern Cape","name":"Noupoort","lat":"-31.18736000","lon":"24.94991000"},
{"state":"Northern Cape","name":"Orania","lat":"-29.81381000","lon":"24.41205000"},
{"state":"Northern Cape","name":"Pampierstad","lat":"-27.78324000","lon":"24.68768000"},
{"state":"Northern Cape","name":"Pixley ka Seme District Municipality","lat":"-30.28920000","lon":"23.25818000"},
{"state":"Northern Cape","name":"Pofadder","lat":"-29.12830000","lon":"19.39492000"},
{"state":"Northern Cape","name":"Postmasburg","lat":"-28.33392000","lon":"23.06541000"},
{"state":"Northern Cape","name":"Prieska","lat":"-29.66803000","lon":"22.74251000"},
{"state":"Northern Cape","name":"Ritchie","lat":"-29.03801000","lon":"24.60278000"},
{"state":"Northern Cape","name":"Siyanda District Municipality","lat":"-28.00013000","lon":"21.18459000"},
{"state":"Northern Cape","name":"Springbok","lat":"-29.66434000","lon":"17.88650000"},
{"state":"Northern Cape","name":"Upington","lat":"-28.44776000","lon":"21.25612000"},
{"state":"Northern Cape","name":"Van Wyksvlei","lat":"-30.35101000","lon":"21.82498000"},
{"state":"Northern Cape","name":"Warrenton","lat":"-28.11396000","lon":"24.84753000"},
{"state":"Western Cape","name":"Albertina","lat":"-34.20544000","lon":"21.58001000"},
{"state":"Western Cape","name":"Arniston","lat":"-34.66739000","lon":"20.23086000"},
{"state":"Western Cape","name":"Atlantis","lat":"-33.56668000","lon":"18.48335000"},
{"state":"Western Cape","name":"Beaufort West","lat":"-32.35671000","lon":"22.58295000"},
{"state":"Western Cape","name":"Bergvliet","lat":"-34.04746000","lon":"18.45250000"},
{"state":"Western Cape","name":"Bredasdorp","lat":"-34.53215000","lon":"20.04031000"},
{"state":"Western Cape","name":"Caledon","lat":"-34.22997000","lon":"19.42650000"},
{"state":"Western Cape","name":"Calitzdorp","lat":"-33.52755000","lon":"21.67620000"},
{"state":"Western Cape","name":"Cape Town","lat":"-33.92584000","lon":"18.42322000"},
{"state":"Western Cape","name":"Cape Winelands District Municipality","lat":"-33.32249000","lon":"19.68998000"},
{"state":"Western Cape","name":"Central Karoo District Municipality","lat":"-32.62812000","lon":"22.21192000"},
{"state":"Western Cape","name":"Ceres","lat":"-33.36889000","lon":"19.31095000"},
{"state":"Western Cape","name":"City of Cape Town","lat":"-33.91667000","lon":"18.41667000"},
{"state":"Western Cape","name":"Clanwilliam","lat":"-32.18173000","lon":"18.89217000"},
{"state":"Western Cape","name":"Claremont","lat":"-33.98056000","lon":"18.46528000"},
{"state":"Western Cape","name":"Constantia","lat":"-34.03139000","lon":"18.41833000"},
{"state":"Western Cape","name":"De Rust","lat":"-33.49035000","lon":"22.53523000"},
{"state":"Western Cape","name":"Eden District Municipality","lat":"-33.82139000","lon":"22.01263000"},
{"state":"Western Cape","name":"George","lat":"-33.96300000","lon":"22.46173000"},
{"state":"Western Cape","name":"Grabouw","lat":"-34.15152000","lon":"19.01509000"},
{"state":"Western Cape","name":"Hardys Memories of Africa","lat":"-33.90539000","lon":"20.71690000"},
{"state":"Western Cape","name":"Hermanus","lat":"-34.41870000","lon":"19.23446000"},
{"state":"Western Cape","name":"Knysna","lat":"-34.03627000","lon":"23.04713000"},
{"state":"Western Cape","name":"Kraaifontein","lat":"-33.84808000","lon":"18.71723000"},
{"state":"Western Cape","name":"Ladismith","lat":"-33.49331000","lon":"21.26755000"},
{"state":"Western Cape","name":"Lansdowne","lat":"-33.98735000","lon":"18.49746000"},
{"state":"Western Cape","name":"Malmesbury","lat":"-33.46080000","lon":"18.72714000"},
{"state":"Western Cape","name":"Montagu","lat":"-33.78664000","lon":"20.12106000"},
{"state":"Western Cape","name":"Moorreesburg","lat":"-33.15388000","lon":"18.66031000"},
{"state":"Western Cape","name":"Mossel Bay","lat":"-34.18307000","lon":"22.14605000"},
{"state":"Western Cape","name":"Newlands","lat":"-33.97846000","lon":"18.44810000"},
{"state":"Western Cape","name":"Oudtshoorn","lat":"-33.60047000","lon":"22.19955000"},
{"state":"Western Cape","name":"Overberg District Municipality","lat":"-34.26131000","lon":"19.93985000"},
{"state":"Western Cape","name":"Paarl","lat":"-33.73378000","lon":"18.97523000"},
{"state":"Western Cape","name":"Piketberg","lat":"-32.90323000","lon":"18.75704000"},
{"state":"Western Cape","name":"Plettenberg Bay","lat":"-34.05274000","lon":"23.37160000"},
{"state":"Western Cape","name":"Prince Albert","lat":"-33.22476000","lon":"22.02673000"},
{"state":"Western Cape","name":"Retreat","lat":"-34.05515000","lon":"18.47617000"},
{"state":"Western Cape","name":"Riversdale","lat":"-34.09345000","lon":"21.25725000"},
{"state":"Western Cape","name":"Robertson","lat":"-33.80342000","lon":"19.88537000"},
{"state":"Western Cape","name":"Rondebosch","lat":"-33.96333000","lon":"18.47639000"},
{"state":"Western Cape","name":"Rosebank","lat":"-33.95556000","lon":"18.47417000"},
{"state":"Western Cape","name":"Saldanha","lat":"-33.01167000","lon":"17.94420000"},
{"state":"Western Cape","name":"Stellenbosch","lat":"-33.93462000","lon":"18.86676000"},
{"state":"Western Cape","name":"Sunset Beach","lat":"-33.85395000","lon":"18.49231000"},
{"state":"Western Cape","name":"Swellendam","lat":"-34.02262000","lon":"20.44171000"},
{"state":"Western Cape","name":"Vredenburg","lat":"-32.90719000","lon":"17.98997000"},
{"state":"Western Cape","name":"Vredendal","lat":"-31.66833000","lon":"18.50119000"},
{"state":"Western Cape","name":"Wellington","lat":"-33.63981000","lon":"19.01120000"},
{"state":"Western Cape","name":"West Coast District Municipality","lat":"-32.09506000","lon":"18.62695000"},
{"state":"Western Cape","name":"Worcester","lat":"-33.64651000","lon":"19.44852000"},
{"state":"Western Cape","name":"Zoar","lat":"-33.49560000","lon":"21.44373000"}]